4524486093678,21SJ-14K ﾚｻﾞｰｼﾞｬｹｯﾄ BK 流水雪輪 L,21SJ-14K,流水 BK,L,312.00,250.00,62.00,53.00,5,333
4524486093708,21SJ-14K ﾚｻﾞｰｼﾞｬｹｯﾄ BK 桧垣桜 L,21SJ-14K 桧垣桜,桧垣 BK,L,340.00,286.00,54.00,54.00,3,186
4524486109515,21SJ-14K ﾚｻﾞｰｼﾞｬｹｯﾄ BK XLW 桧垣桜,21SJ-14K,BK 桧垣,XLW,76.00,34.00,42.00,42.00,5,186
4524486093661,21SJ-14K ﾚｻﾞｰｼﾞｬｹｯﾄ BK 流水雪輪 M,21SJ-14K,流水 BK,M,206.00,166.00,40.00,27.00,4,308
4524486094958,21SJ-14K ﾚｻﾞｰｼﾞｬｹｯﾄ BK 鉄流水雪輪 M,21SJ-14K 鉄流水雪輪,鉄流 BK,M,101.00,64.00,37.00,24.00,3,248
4524486114328,21SJ-14K ﾚｻﾞｰｼﾞｬｹｯﾄ BK L 虎,21SJ-14K,BK 虎,L,47.00,14.00,33.00,25.00,2,290
4524486111495,21SJ-14K ﾚｻﾞｰｼﾞｬｹｯﾄ BK L 輝龍,21SJ-14K,BK 輝龍,L,60.00,28.00,32.00,32.00,3,248
4524486109485,21SJ-14K ﾚｻﾞｰｼﾞｬｹｯﾄ BK M 鳳凰,21SJ-14K,BK 鳳凰,M,78.00,49.00,29.00,25.00,3,333
4524486094965,21SJ-14K ﾚｻﾞｰｼﾞｬｹｯﾄ BK 鉄流水雪輪 L,21SJ-14K 鉄流水雪輪,鉄流 BK,L,157.00,128.00,29.00,0.00,1,333
4524486117237,21SJ-14K ﾚｻﾞｰｼﾞｬｹｯﾄ GY L 流水雪輪,21SJ-14K,GY 流水,L,27.00,0.00,27.00,27.00,1,117
4524486106545,21SJ-14K ﾚｻﾞｰｼﾞｬｹｯﾄ RD L 鉄流水雪輪,21SJ-14K,RD 鉄流,L,101.00,74.00,27.00,0.00,1,248
4524486103247,21SJ-14K ﾚｻﾞｰｼﾞｬｹｯﾄ BK L 雲龍,21SJ-14K,雲龍 BK,L,127.00,102.00,25.00,25.00,3,363
4524486093647,21SJ-14K ﾚｻﾞｰｼﾞｬｹｯﾄ BK 風神雷神BE L,21SJ-14K 風神雷神,風BK/BE,L,91.00,66.00,25.00,18.00,4,333
4524486117244,21SJ-14K ﾚｻﾞｰｼﾞｬｹｯﾄ GY XL 流水雪輪,21SJ-14K,GY 流水,XL,23.00,0.00,23.00,23.00,1,117
4524486103254,21SJ-14K ﾚｻﾞｰｼﾞｬｹｯﾄ BK XL 雲龍,21SJ-14K,雲龍 BK,XL,88.00,67.00,21.00,21.00,3,153
4524486117220,21SJ-14K ﾚｻﾞｰｼﾞｬｹｯﾄ GY M 流水雪輪,21SJ-14K,GY 流水,M,20.00,0.00,20.00,20.00,1,117
4524486114311,21SJ-14K ﾚｻﾞｰｼﾞｬｹｯﾄ BK M 虎,21SJ-14K,BK 虎,M,28.00,8.00,20.00,15.00,2,290
4524486103230,21SJ-14K ﾚｻﾞｰｼﾞｬｹｯﾄ BK M 雲龍,21SJ-14K,雲龍 BK,M,82.00,63.00,19.00,11.00,4,308
4524486114335,21SJ-14K ﾚｻﾞｰｼﾞｬｹｯﾄ BK XL 虎,21SJ-14K,BK 虎,XL,25.00,7.00,18.00,10.00,2,290
4524486111488,21SJ-14K ﾚｻﾞｰｼﾞｬｹｯﾄ BK M 輝龍,21SJ-14K,BK 輝龍,M,36.00,19.00,17.00,14.00,3,248
4524486109492,21SJ-14K ﾚｻﾞｰｼﾞｬｹｯﾄ BK L 鳳凰,21SJ-14K,BK 鳳凰,L,86.00,70.00,16.00,13.00,3,427
4524486093715,21SJ-14K ﾚｻﾞｰｼﾞｬｹｯﾄ BK 桧垣桜 XL,21SJ-14K 桧垣桜,桧垣 BK,XL,221.00,206.00,15.00,44.00,5,186
4524486113499,21SJ-14K ﾚｻﾞｰｼﾞｬｹｯﾄ BK S 流水雪輪,21SJ-14K,BK 流水,S,23.00,10.00,13.00,13.00,2,59
4524486109522,21SJ-14K ﾚｻﾞｰｼﾞｬｹｯﾄ BK XLW 流水雪輪,21SJ-14K,BK 流水,XLW,59.00,46.00,13.00,10.00,2,117
4524486093630,21SJ-14K ﾚｻﾞｰｼﾞｬｹｯﾄ BK 風神雷神BE M,21SJ-14K 風神雷神,風BK/BE,M,55.00,43.00,12.00,12.00,2,333
4524486106538,21SJ-14K ﾚｻﾞｰｼﾞｬｹｯﾄ RD M 鉄流水雪輪,21SJ-14K,RD 鉄流,M,54.00,42.00,12.00,12.00,2,117
4524486113505,21SJ-14K ﾚｻﾞｰｼﾞｬｹｯﾄ BK S 桧垣桜,21SJ-14K,BK 桧垣,S,20.00,10.00,10.00,10.00,1,117
4524486093654,21SJ-14K ﾚｻﾞｰｼﾞｬｹｯﾄ BK 風神雷神BE XL,21SJ-14K 風神雷神,風BK/BE,XL,60.00,50.00,10.00,10.00,2,88
4524486097973,21SJ-14K ﾚｻﾞｰｼﾞｬｹｯﾄ BK 桧垣桜 LW,21SJ-14K,桧垣 BK,LW,73.00,64.00,9.00,9.00,2,333
4524486111501,21SJ-14K ﾚｻﾞｰｼﾞｬｹｯﾄ BK XL 輝龍,21SJ-14K,BK 輝龍,XL,37.00,28.00,9.00,0.00,1,248
4524486097966,21SJ-14K ﾚｻﾞｰｼﾞｬｹｯﾄ BK 鉄流水雪輪 LW,21SJ-14K,鉄流 BK,LW,49.00,43.00,6.00,6.00,2,308
4524486106552,21SJ-14K ﾚｻﾞｰｼﾞｬｹｯﾄ RD XL 鉄流水雪輪,21SJ-14K,RD 鉄流,XL,85.00,79.00,6.00,6.00,1,117
4524486097959,21SJ-14K ﾚｻﾞｰｼﾞｬｹｯﾄ BK 流水雪輪 LW,21SJ-14K,流水 BK,LW,69.00,65.00,4.00,4.00,1,248
4524486109508,21SJ-14K ﾚｻﾞｰｼﾞｬｹｯﾄ BK XL 鳳凰,21SJ-14K,BK 鳳凰,XL,89.00,86.00,3.00,3.00,1,333
4524486093692,21SJ-14K ﾚｻﾞｰｼﾞｬｹｯﾄ BK 桧垣桜 M,21SJ-14K 桧垣桜,桧垣 BK,M,233.00,232.00,1.00,17.00,3,186
4524486094972,21SJ-14K ﾚｻﾞｰｼﾞｬｹｯﾄ BK 鉄流水雪輪 XL,21SJ-14K 鉄流水雪輪,鉄流 BK,XL,130.00,130.00,0.00,14.00,3,333
4524486094927,21SJ-14K ﾚｻﾞｰｼﾞｬｹｯﾄ BK 松 M,21SJ-14K 松,BK,M,3.00,3.00,0.00,0.00,0,NULL
4524486094934,21SJ-14K ﾚｻﾞｰｼﾞｬｹｯﾄ BK 松 L,21SJ-14K 松,BK,L,4.00,4.00,0.00,0.00,0,NULL
4524486094941,21SJ-14K ﾚｻﾞｰｼﾞｬｹｯﾄ BK 松 XL,21SJ-14K 松,BK,XL,3.00,3.00,0.00,0.00,0,NULL
4524486103292,21SJ-14K ﾚｻﾞｰｼﾞｬｹｯﾄ BK M 鳥獣戯画,21SJ-14K,鳥獣 BK,M,6.00,6.00,0.00,0.00,0,NULL
4524486103308,21SJ-14K ﾚｻﾞｰｼﾞｬｹｯﾄ BK L 鳥獣戯画,21SJ-14K,鳥獣 BK,L,8.00,8.00,0.00,0.00,0,NULL
4524486103315,21SJ-14K ﾚｻﾞｰｼﾞｬｹｯﾄ BK XL 鳥獣戯画,21SJ-14K,鳥獣 BK,XL,7.00,7.00,0.00,0.00,0,NULL
4524486106583,21SJ-14K ﾚｻﾞｰｼﾞｬｹｯﾄ BK M 百鬼夜行,21SJ-14K,BK 百夜,M,2.00,2.00,0.00,0.00,0,NULL
4524486106590,21SJ-14K ﾚｻﾞｰｼﾞｬｹｯﾄ BK L 百鬼夜行,21SJ-14K,BK 百夜,L,3.00,3.00,0.00,0.00,0,NULL
4524486106606,21SJ-14K ﾚｻﾞｰｼﾞｬｹｯﾄ BK XL 百鬼夜行,21SJ-14K,BK 百夜,XL,2.00,2.00,0.00,0.00,0,NULL
4524486107559,21SJ-14K ﾚｻﾞｰｼﾞｬｹｯﾄ NV M 鉄流水雪輪,21SJ-14K,NV 鉄流,M,18.00,18.00,0.00,0.00,0,NULL
4524486107566,21SJ-14K ﾚｻﾞｰｼﾞｬｹｯﾄ NV L 鉄流水雪輪,21SJ-14K,NV 鉄流,L,22.00,22.00,0.00,0.00,0,NULL
4524486107573,21SJ-14K ﾚｻﾞｰｼﾞｬｹｯﾄ NV XL 鉄流水雪輪,21SJ-14K,NV 鉄流,XL,20.00,20.00,0.00,0.00,0,NULL
4524486107740,21SJ-14K ﾚｻﾞｰｼﾞｬｹｯﾄ RD M 雲龍,21SJ-14K,RD 雲龍,M,8.00,8.00,0.00,0.00,0,NULL
4524486107757,21SJ-14K ﾚｻﾞｰｼﾞｬｹｯﾄ RD L 雲龍,21SJ-14K,RD 雲龍,L,8.00,8.00,0.00,0.00,0,NULL
4524486107764,21SJ-14K ﾚｻﾞｰｼﾞｬｹｯﾄ RD XL 雲龍,21SJ-14K,RD 雲龍,XL,7.00,7.00,0.00,0.00,0,NULL
4524486107771,21SJ-14K ﾚｻﾞｰｼﾞｬｹｯﾄ RD LW 雲龍,21SJ-14K,RD 雲龍,LW,3.00,3.00,0.00,0.00,0,NULL
4524486093685,21SJ-14K ﾚｻﾞｰｼﾞｬｹｯﾄ BK 流水雪輪 XL,21SJ-14K,流水 BK,XL,228.00,231.00,-3.00,14.00,3,333
