6961,20250508,2025-05-08,IHSA,4524486094965,21SJ-14K ﾚｻﾞｰｼﾞｬｹｯﾄ BK L 鉄流水雪輪,21SJ-14K,BK 鉄流,L,32.00,3.00,29.00,20260331,20260331,一部入荷,333
7091,20250801,2025-08-01,IHSA,4524486106545,21SJ-14K ﾚｻﾞｰｼﾞｬｹｯﾄ RD L 鉄流水雪輪,21SJ-14K,RD 鉄流,L,28.00,1.00,27.00,20260331,20260331,一部入荷,248
7282,20251210,2025-12-10,IHSA,4524486117237,21SJ-14K ﾚｻﾞｰｼﾞｬｹｯﾄ GY L 流水雪輪,21SJ-14K,GY 流水,L,27.00,0.00,27.00,NULL,NULL,未入荷,117
7282,20251210,2025-12-10,IHSA,4524486093708,21SJ-14K ﾚｻﾞｰｼﾞｬｹｯﾄ BK L 桧垣桜,21SJ-14K,BK 桧垣,L,25.00,0.00,25.00,NULL,NULL,未入荷,117
7363,20260304,2026-03-04,IHSA,4524486114328,21SJ-14K ﾚｻﾞｰｼﾞｬｹｯﾄ BK L 虎,21SJ-14K,BK 虎,L,25.00,0.00,25.00,NULL,NULL,未入荷,33
7282,20251210,2025-12-10,IHSA,4524486117244,21SJ-14K ﾚｻﾞｰｼﾞｬｹｯﾄ GY XL 流水雪輪,21SJ-14K,GY 流水,XL,23.00,0.00,23.00,NULL,NULL,未入荷,117
7282,20251210,2025-12-10,IHSA,4524486117220,21SJ-14K ﾚｻﾞｰｼﾞｬｹｯﾄ GY M 流水雪輪,21SJ-14K,GY 流水,M,20.00,0.00,20.00,NULL,NULL,未入荷,117
7316,20260108,2026-01-08,IHSA,4524486093708,21SJ-14K ﾚｻﾞｰｼﾞｬｹｯﾄ BK L 桧垣桜,21SJ-14K,BK 桧垣,L,19.00,0.00,19.00,NULL,NULL,未入荷,88
7363,20260304,2026-03-04,IHSA,4524486093678,21SJ-14K ﾚｻﾞｰｼﾞｬｹｯﾄ BK L 流水雪輪,21SJ-14K,BK 流水,L,18.00,0.00,18.00,NULL,NULL,未入荷,33
7316,20260108,2026-01-08,IHSA,4524486094958,21SJ-14K ﾚｻﾞｰｼﾞｬｹｯﾄ BK M 鉄流水雪輪,21SJ-14K,BK 鉄流,M,17.00,0.00,17.00,NULL,NULL,未入荷,88
7282,20251210,2025-12-10,IHSA,4524486093661,21SJ-14K ﾚｻﾞｰｼﾞｬｹｯﾄ BK M 流水雪輪,21SJ-14K,BK 流水,M,16.00,0.00,16.00,NULL,NULL,未入荷,117
7348,20260206,2026-02-06,IHSA,4524486109515,21SJ-14K ﾚｻﾞｰｼﾞｬｹｯﾄ BK XLW 桧垣桜,21SJ-14K,BK 桧垣,XLW,16.00,0.00,16.00,NULL,NULL,未入荷,59
7363,20260304,2026-03-04,IHSA,4524486093715,21SJ-14K ﾚｻﾞｰｼﾞｬｹｯﾄ BK XL 桧垣桜,21SJ-14K,BK 桧垣,XL,16.00,0.00,16.00,NULL,NULL,未入荷,33
7363,20260304,2026-03-04,IHSA,4524486111495,21SJ-14K ﾚｻﾞｰｼﾞｬｹｯﾄ BK L 輝龍,21SJ-14K,BK 輝龍,L,15.00,0.00,15.00,NULL,NULL,未入荷,33
7363,20260304,2026-03-04,IHSA,4524486114311,21SJ-14K ﾚｻﾞｰｼﾞｬｹｯﾄ BK M 虎,21SJ-14K,BK 虎,M,15.00,0.00,15.00,NULL,NULL,未入荷,33
7091,20250801,2025-08-01,IHSA,4524486093678,21SJ-14K ﾚｻﾞｰｼﾞｬｹｯﾄ BK L 流水雪輪,21SJ-14K,BK 流水,L,14.00,0.00,14.00,NULL,NULL,未入荷,248
7233,20251104,2025-11-04,IHSA,4524486103254,21SJ-14K ﾚｻﾞｰｼﾞｬｹｯﾄ BK XL 雲龍,21SJ-14K,BK 雲龍,XL,14.00,0.00,14.00,NULL,NULL,未入荷,153
7282,20251210,2025-12-10,IHSA,4524486109485,21SJ-14K ﾚｻﾞｰｼﾞｬｹｯﾄ BK M 鳳凰,21SJ-14K,BK 鳳凰,M,14.00,0.00,14.00,NULL,NULL,未入荷,117
7091,20250801,2025-08-01,IHSA,4524486094958,21SJ-14K ﾚｻﾞｰｼﾞｬｹｯﾄ BK M 鉄流水雪輪,21SJ-14K,BK 鉄流,M,14.00,1.00,13.00,20260128,20260128,一部入荷,248
7091,20250801,2025-08-01,IHSA,4524486093661,21SJ-14K ﾚｻﾞｰｼﾞｬｹｯﾄ BK M 流水雪輪,21SJ-14K,BK 流水,M,17.00,4.00,13.00,20260331,20260331,一部入荷,248
7282,20251210,2025-12-10,IHSA,4524486093678,21SJ-14K ﾚｻﾞｰｼﾞｬｹｯﾄ BK L 流水雪輪,21SJ-14K,BK 流水,L,12.00,0.00,12.00,NULL,NULL,未入荷,117
7363,20260304,2026-03-04,IHSA,4524486093692,21SJ-14K ﾚｻﾞｰｼﾞｬｹｯﾄ BK M 桧垣桜,21SJ-14K,BK 桧垣,M,12.00,0.00,12.00,NULL,NULL,未入荷,33
6906,20250408,2025-04-08,IHSA,4524486103247,21SJ-14K ﾚｻﾞｰｼﾞｬｹｯﾄ BK L 雲龍,21SJ-14K,BK 雲龍,L,11.00,0.00,11.00,NULL,NULL,未入荷,363
7001,20250602,2025-06-02,IHSA,4524486103247,21SJ-14K ﾚｻﾞｰｼﾞｬｹｯﾄ BK L 雲龍,21SJ-14K,BK 雲龍,L,11.00,0.00,11.00,NULL,NULL,未入荷,308
7091,20250801,2025-08-01,IHSA,4524486111495,21SJ-14K ﾚｻﾞｰｼﾞｬｹｯﾄ BK L 輝龍,21SJ-14K,BK 輝龍,L,11.00,0.00,11.00,NULL,NULL,未入荷,248
7171,20251002,2025-10-02,IHSA,4524486093715,21SJ-14K ﾚｻﾞｰｼﾞｬｹｯﾄ BK XL 桧垣桜,21SJ-14K,BK 桧垣,XL,11.00,0.00,11.00,NULL,NULL,未入荷,186
7348,20260206,2026-02-06,IHSA,4524486109485,21SJ-14K ﾚｻﾞｰｼﾞｬｹｯﾄ BK M 鳳凰,21SJ-14K,BK 鳳凰,M,11.00,0.00,11.00,NULL,NULL,未入荷,59
7171,20251002,2025-10-02,IHSA,4524486093708,21SJ-14K ﾚｻﾞｰｼﾞｬｹｯﾄ BK L 桧垣桜,21SJ-14K,BK 桧垣,L,10.00,0.00,10.00,NULL,NULL,未入荷,186
7282,20251210,2025-12-10,IHSA,4524486113505,21SJ-14K ﾚｻﾞｰｼﾞｬｹｯﾄ BK S 桧垣桜,21SJ-14K,BK 桧垣,S,10.00,0.00,10.00,NULL,NULL,未入荷,117
7348,20260206,2026-02-06,IHSA,4524486109492,21SJ-14K ﾚｻﾞｰｼﾞｬｹｯﾄ BK L 鳳凰,21SJ-14K,BK 鳳凰,L,10.00,0.00,10.00,NULL,NULL,未入荷,59
7348,20260206,2026-02-06,IHSA,4524486113499,21SJ-14K ﾚｻﾞｰｼﾞｬｹｯﾄ BK S 流水雪輪,21SJ-14K,BK 流水,S,10.00,0.00,10.00,NULL,NULL,未入荷,59
7348,20260206,2026-02-06,IHSA,4524486109522,21SJ-14K ﾚｻﾞｰｼﾞｬｹｯﾄ BK XLW 流水雪輪,21SJ-14K,BK 流水,XLW,10.00,0.00,10.00,NULL,NULL,未入荷,59
7363,20260304,2026-03-04,IHSA,4524486114335,21SJ-14K ﾚｻﾞｰｼﾞｬｹｯﾄ BK XL 虎,21SJ-14K,BK 虎,XL,10.00,0.00,10.00,NULL,NULL,未入荷,33
6961,20250508,2025-05-08,IHSA,4524486093678,21SJ-14K ﾚｻﾞｰｼﾞｬｹｯﾄ BK L 流水雪輪,21SJ-14K,BK 流水,L,12.00,3.00,9.00,20260331,20260331,一部入荷,333
7001,20250602,2025-06-02,IHSA,4524486093678,21SJ-14K ﾚｻﾞｰｼﾞｬｹｯﾄ BK L 流水雪輪,21SJ-14K,BK 流水,L,9.00,0.00,9.00,NULL,NULL,未入荷,308
7091,20250801,2025-08-01,IHSA,4524486111501,21SJ-14K ﾚｻﾞｰｼﾞｬｹｯﾄ BK XL 輝龍,21SJ-14K,BK 輝龍,XL,18.00,9.00,9.00,20260128,20260128,一部入荷,248
7171,20251002,2025-10-02,IHSA,4524486093692,21SJ-14K ﾚｻﾞｰｼﾞｬｹｯﾄ BK M 桧垣桜,21SJ-14K,BK 桧垣,M,10.00,1.00,9.00,20260331,20260331,一部入荷,186
7171,20251002,2025-10-02,IHSA,4524486109515,21SJ-14K ﾚｻﾞｰｼﾞｬｹｯﾄ BK XLW 桧垣桜,21SJ-14K,BK 桧垣,XLW,9.00,0.00,9.00,NULL,NULL,未入荷,186
7316,20260108,2026-01-08,IHSA,4524486093647,21SJ-14K ﾚｻﾞｰｼﾞｬｹｯﾄ BK L 風神雷神BE,21SJ-14K,BK-BE風,L,9.00,0.00,9.00,NULL,NULL,未入荷,88
7316,20260108,2026-01-08,IHSA,4524486093630,21SJ-14K ﾚｻﾞｰｼﾞｬｹｯﾄ BK M 風神雷神BE,21SJ-14K,BK-BE風,M,9.00,0.00,9.00,NULL,NULL,未入荷,88
7036,20250620,2025-06-20,IHSA,4524486114335,21SJ-14K ﾚｻﾞｰｼﾞｬｹｯﾄ BK XL 虎,21SJ-14K,BK 虎,XL,15.00,7.00,8.00,20251022,20260331,一部入荷,290
7036,20250620,2025-06-20,IHSA,4524486114328,21SJ-14K ﾚｻﾞｰｼﾞｬｹｯﾄ BK L 虎,21SJ-14K,BK 虎,L,22.00,14.00,8.00,20251022,20260331,一部入荷,290
7233,20251104,2025-11-04,IHSA,4524486111488,21SJ-14K ﾚｻﾞｰｼﾞｬｹｯﾄ BK M 輝龍,21SJ-14K,BK 輝龍,M,8.00,0.00,8.00,NULL,NULL,未入荷,153
7282,20251210,2025-12-10,IHSA,4524486103230,21SJ-14K ﾚｻﾞｰｼﾞｬｹｯﾄ BK M 雲龍,21SJ-14K,BK 雲龍,M,8.00,0.00,8.00,NULL,NULL,未入荷,117
7348,20260206,2026-02-06,IHSA,4524486093661,21SJ-14K ﾚｻﾞｰｼﾞｬｹｯﾄ BK M 流水雪輪,21SJ-14K,BK 流水,M,8.00,0.00,8.00,NULL,NULL,未入荷,59
6961,20250508,2025-05-08,IHSA,4524486093685,21SJ-14K ﾚｻﾞｰｼﾞｬｹｯﾄ BK XL 流水雪輪,21SJ-14K,BK 流水,XL,8.00,1.00,7.00,20260331,20260331,一部入荷,333
7001,20250602,2025-06-02,IHSA,4524486093647,21SJ-14K ﾚｻﾞｰｼﾞｬｹｯﾄ BK L 風神雷神BE,21SJ-14K,BK-BE風,L,10.00,3.00,7.00,20260128,20260128,一部入荷,308
7001,20250602,2025-06-02,IHSA,4524486093685,21SJ-14K ﾚｻﾞｰｼﾞｬｹｯﾄ BK XL 流水雪輪,21SJ-14K,BK 流水,XL,7.00,0.00,7.00,NULL,NULL,未入荷,308
7091,20250801,2025-08-01,IHSA,4524486094972,21SJ-14K ﾚｻﾞｰｼﾞｬｹｯﾄ BK XL 鉄流水雪輪,21SJ-14K,BK 鉄流,XL,7.00,0.00,7.00,NULL,NULL,未入荷,248
7282,20251210,2025-12-10,IHSA,4524486093685,21SJ-14K ﾚｻﾞｰｼﾞｬｹｯﾄ BK XL 流水雪輪,21SJ-14K,BK 流水,XL,7.00,0.00,7.00,NULL,NULL,未入荷,117
7282,20251210,2025-12-10,IHSA,4524486094958,21SJ-14K ﾚｻﾞｰｼﾞｬｹｯﾄ BK M 鉄流水雪輪,21SJ-14K,BK 鉄流,M,7.00,0.00,7.00,NULL,NULL,未入荷,117
7282,20251210,2025-12-10,IHSA,4524486109515,21SJ-14K ﾚｻﾞｰｼﾞｬｹｯﾄ BK XLW 桧垣桜,21SJ-14K,BK 桧垣,XLW,7.00,0.00,7.00,NULL,NULL,未入荷,117
7316,20260108,2026-01-08,IHSA,4524486109515,21SJ-14K ﾚｻﾞｰｼﾞｬｹｯﾄ BK XLW 桧垣桜,21SJ-14K,BK 桧垣,XLW,7.00,0.00,7.00,NULL,NULL,未入荷,88
7348,20260206,2026-02-06,IHSA,4524486106538,21SJ-14K ﾚｻﾞｰｼﾞｬｹｯﾄ RD M 鉄流水雪輪,21SJ-14K,RD 鉄流,M,7.00,0.00,7.00,NULL,NULL,未入荷,59
7348,20260206,2026-02-06,IHSA,4524486093654,21SJ-14K ﾚｻﾞｰｼﾞｬｹｯﾄ BK XL 風神雷神BE,21SJ-14K,BK-BE風,XL,7.00,0.00,7.00,NULL,NULL,未入荷,59
7233,20251104,2025-11-04,IHSA,4524486111495,21SJ-14K ﾚｻﾞｰｼﾞｬｹｯﾄ BK L 輝龍,21SJ-14K,BK 輝龍,L,6.00,0.00,6.00,NULL,NULL,未入荷,153
7233,20251104,2025-11-04,IHSA,4524486103230,21SJ-14K ﾚｻﾞｰｼﾞｬｹｯﾄ BK M 雲龍,21SJ-14K,BK 雲龍,M,7.00,1.00,6.00,20260331,20260331,一部入荷,153
7282,20251210,2025-12-10,IHSA,4524486106552,21SJ-14K ﾚｻﾞｰｼﾞｬｹｯﾄ RD XL 鉄流水雪輪,21SJ-14K,RD 鉄流,XL,6.00,0.00,6.00,NULL,NULL,未入荷,117
7282,20251210,2025-12-10,IHSA,4524486093715,21SJ-14K ﾚｻﾞｰｼﾞｬｹｯﾄ BK XL 桧垣桜,21SJ-14K,BK 桧垣,XL,6.00,0.00,6.00,NULL,NULL,未入荷,117
7316,20260108,2026-01-08,IHSA,4524486093715,21SJ-14K ﾚｻﾞｰｼﾞｬｹｯﾄ BK XL 桧垣桜,21SJ-14K,BK 桧垣,XL,6.00,0.00,6.00,NULL,NULL,未入荷,88
7363,20260304,2026-03-04,IHSA,4524486111488,21SJ-14K ﾚｻﾞｰｼﾞｬｹｯﾄ BK M 輝龍,21SJ-14K,BK 輝龍,M,6.00,0.00,6.00,NULL,NULL,未入荷,33
6961,20250508,2025-05-08,IHSA,4524486097973,21SJ-14K ﾚｻﾞｰｼﾞｬｹｯﾄ BK LW 桧垣桜,21SJ-14K,BK 桧垣,LW,5.00,0.00,5.00,NULL,NULL,未入荷,333
7036,20250620,2025-06-20,IHSA,4524486114311,21SJ-14K ﾚｻﾞｰｼﾞｬｹｯﾄ BK M 虎,21SJ-14K,BK 虎,M,13.00,8.00,5.00,20251022,20260331,一部入荷,290
7282,20251210,2025-12-10,IHSA,4524486093692,21SJ-14K ﾚｻﾞｰｼﾞｬｹｯﾄ BK M 桧垣桜,21SJ-14K,BK 桧垣,M,5.00,0.00,5.00,NULL,NULL,未入荷,117
7282,20251210,2025-12-10,IHSA,4524486106538,21SJ-14K ﾚｻﾞｰｼﾞｬｹｯﾄ RD M 鉄流水雪輪,21SJ-14K,RD 鉄流,M,5.00,0.00,5.00,NULL,NULL,未入荷,117
7348,20260206,2026-02-06,IHSA,4524486093647,21SJ-14K ﾚｻﾞｰｼﾞｬｹｯﾄ BK L 風神雷神BE,21SJ-14K,BK-BE風,L,5.00,0.00,5.00,NULL,NULL,未入荷,59
7348,20260206,2026-02-06,IHSA,4524486093715,21SJ-14K ﾚｻﾞｰｼﾞｬｹｯﾄ BK XL 桧垣桜,21SJ-14K,BK 桧垣,XL,5.00,0.00,5.00,NULL,NULL,未入荷,59
6961,20250508,2025-05-08,IHSA,4524486093647,21SJ-14K ﾚｻﾞｰｼﾞｬｹｯﾄ BK L 風神雷神BE,21SJ-14K,BK-BE風,L,4.00,0.00,4.00,NULL,NULL,未入荷,333
6961,20250508,2025-05-08,IHSA,4524486109485,21SJ-14K ﾚｻﾞｰｼﾞｬｹｯﾄ BK M 鳳凰,21SJ-14K,BK 鳳凰,M,8.00,4.00,4.00,20260331,20260331,一部入荷,333
7001,20250602,2025-06-02,IHSA,4524486094972,21SJ-14K ﾚｻﾞｰｼﾞｬｹｯﾄ BK XL 鉄流水雪輪,21SJ-14K,BK 鉄流,XL,4.00,0.00,4.00,NULL,NULL,未入荷,308
7091,20250801,2025-08-01,IHSA,4524486097959,21SJ-14K ﾚｻﾞｰｼﾞｬｹｯﾄ BK LW 流水雪輪,21SJ-14K,BK 流水,LW,4.00,0.00,4.00,NULL,NULL,未入荷,248
7363,20260304,2026-03-04,IHSA,4524486103254,21SJ-14K ﾚｻﾞｰｼﾞｬｹｯﾄ BK XL 雲龍,21SJ-14K,BK 雲龍,XL,4.00,0.00,4.00,NULL,NULL,未入荷,33
7363,20260304,2026-03-04,IHSA,4524486097973,21SJ-14K ﾚｻﾞｰｼﾞｬｹｯﾄ BK LW 桧垣桜,21SJ-14K,BK 桧垣,LW,4.00,0.00,4.00,NULL,NULL,未入荷,33
6806,20250203,2025-02-03,IHSA,4524486109492,21SJ-14K ﾚｻﾞｰｼﾞｬｹｯﾄ BK L 鳳凰,21SJ-14K,BK 鳳凰,L,20.00,17.00,3.00,20251201,20251201,一部入荷,427
6961,20250508,2025-05-08,IHSA,4524486094972,21SJ-14K ﾚｻﾞｰｼﾞｬｹｯﾄ BK XL 鉄流水雪輪,21SJ-14K,BK 鉄流,XL,3.00,0.00,3.00,NULL,NULL,未入荷,333
6961,20250508,2025-05-08,IHSA,4524486109508,21SJ-14K ﾚｻﾞｰｼﾞｬｹｯﾄ BK XL 鳳凰,21SJ-14K,BK 鳳凰,XL,3.00,0.00,3.00,NULL,NULL,未入荷,333
6961,20250508,2025-05-08,IHSA,4524486093630,21SJ-14K ﾚｻﾞｰｼﾞｬｹｯﾄ BK M 風神雷神BE,21SJ-14K,BK-BE風,M,3.00,0.00,3.00,NULL,NULL,未入荷,333
6961,20250508,2025-05-08,IHSA,4524486109492,21SJ-14K ﾚｻﾞｰｼﾞｬｹｯﾄ BK L 鳳凰,21SJ-14K,BK 鳳凰,L,3.00,0.00,3.00,NULL,NULL,未入荷,333
7001,20250602,2025-06-02,IHSA,4524486093661,21SJ-14K ﾚｻﾞｰｼﾞｬｹｯﾄ BK M 流水雪輪,21SJ-14K,BK 流水,M,3.00,0.00,3.00,NULL,NULL,未入荷,308
7001,20250602,2025-06-02,IHSA,4524486097966,21SJ-14K ﾚｻﾞｰｼﾞｬｹｯﾄ BK LW 鉄流水雪輪,21SJ-14K,BK 鉄流,LW,3.00,0.00,3.00,NULL,NULL,未入荷,308
7091,20250801,2025-08-01,IHSA,4524486111488,21SJ-14K ﾚｻﾞｰｼﾞｬｹｯﾄ BK M 輝龍,21SJ-14K,BK 輝龍,M,6.00,3.00,3.00,20260128,20260128,一部入荷,248
7282,20251210,2025-12-10,IHSA,4524486097966,21SJ-14K ﾚｻﾞｰｼﾞｬｹｯﾄ BK LW 鉄流水雪輪,21SJ-14K,BK 鉄流,LW,3.00,0.00,3.00,NULL,NULL,未入荷,117
7282,20251210,2025-12-10,IHSA,4524486103254,21SJ-14K ﾚｻﾞｰｼﾞｬｹｯﾄ BK XL 雲龍,21SJ-14K,BK 雲龍,XL,3.00,0.00,3.00,NULL,NULL,未入荷,117
7282,20251210,2025-12-10,IHSA,4524486109522,21SJ-14K ﾚｻﾞｰｼﾞｬｹｯﾄ BK XLW 流水雪輪,21SJ-14K,BK 流水,XLW,4.00,1.00,3.00,20260331,20260331,一部入荷,117
7282,20251210,2025-12-10,IHSA,4524486103247,21SJ-14K ﾚｻﾞｰｼﾞｬｹｯﾄ BK L 雲龍,21SJ-14K,BK 雲龍,L,3.00,0.00,3.00,NULL,NULL,未入荷,117
7316,20260108,2026-01-08,IHSA,4524486093654,21SJ-14K ﾚｻﾞｰｼﾞｬｹｯﾄ BK XL 風神雷神BE,21SJ-14K,BK-BE風,XL,3.00,0.00,3.00,NULL,NULL,未入荷,88
7363,20260304,2026-03-04,IHSA,4524486109515,21SJ-14K ﾚｻﾞｰｼﾞｬｹｯﾄ BK XLW 桧垣桜,21SJ-14K,BK 桧垣,XLW,3.00,0.00,3.00,NULL,NULL,未入荷,33
7363,20260304,2026-03-04,IHSA,4524486113499,21SJ-14K ﾚｻﾞｰｼﾞｬｹｯﾄ BK S 流水雪輪,21SJ-14K,BK 流水,S,3.00,0.00,3.00,NULL,NULL,未入荷,33
7363,20260304,2026-03-04,IHSA,4524486103230,21SJ-14K ﾚｻﾞｰｼﾞｬｹｯﾄ BK M 雲龍,21SJ-14K,BK 雲龍,M,3.00,0.00,3.00,NULL,NULL,未入荷,33
7001,20250602,2025-06-02,IHSA,4524486103230,21SJ-14K ﾚｻﾞｰｼﾞｬｹｯﾄ BK M 雲龍,21SJ-14K,BK 雲龍,M,3.00,1.00,2.00,20260331,20260331,一部入荷,308
5043,20210617,2021-06-17,IHSA,4524486093630,21SJ-14K ﾚｻﾞｰｼﾞｬｹｯﾄ BK 風神雷神BE M,21SJ-14K 風神雷神,BK/BE,M,3.00,3.00,0.00,20210914,20210914,完納,NULL
5043,20210617,2021-06-17,IHSA,4524486093715,21SJ-14K ﾚｻﾞｰｼﾞｬｹｯﾄ BK 桧垣桜 XL,21SJ-14K 桧垣桜,BK,XL,4.00,4.00,0.00,20210914,20210914,完納,NULL
5043,20210617,2021-06-17,IHSA,4524486094941,21SJ-14K ﾚｻﾞｰｼﾞｬｹｯﾄ BK 松 XL,21SJ-14K 松,BK,XL,3.00,3.00,0.00,20210914,20210914,完納,NULL
5043,20210617,2021-06-17,IHSA,4524486094965,21SJ-14K ﾚｻﾞｰｼﾞｬｹｯﾄ BK 鉄流水雪輪 L,21SJ-14K 鉄流水雪輪,BK,L,19.00,19.00,0.00,20210914,20210914,完納,NULL
5043,20210617,2021-06-17,IHSA,4524486093692,21SJ-14K ﾚｻﾞｰｼﾞｬｹｯﾄ BK 桧垣桜 M,21SJ-14K 桧垣桜,BK,M,11.00,11.00,0.00,20210914,20210914,完納,NULL
5043,20210617,2021-06-17,IHSA,4524486094934,21SJ-14K ﾚｻﾞｰｼﾞｬｹｯﾄ BK 松 L,21SJ-14K 松,BK,L,4.00,4.00,0.00,20210914,20210914,完納,NULL
5043,20210617,2021-06-17,IHSA,4524486094927,21SJ-14K ﾚｻﾞｰｼﾞｬｹｯﾄ BK 松 M,21SJ-14K 松,BK,M,3.00,3.00,0.00,20210914,20210914,完納,NULL
5043,20210617,2021-06-17,IHSA,4524486093647,21SJ-14K ﾚｻﾞｰｼﾞｬｹｯﾄ BK 風神雷神BE L,21SJ-14K 風神雷神,BK/BE,L,5.00,5.00,0.00,20210914,20210914,完納,NULL
5043,20210617,2021-06-17,IHSA,4524486093654,21SJ-14K ﾚｻﾞｰｼﾞｬｹｯﾄ BK 風神雷神BE XL,21SJ-14K 風神雷神,BK/BE,XL,6.00,6.00,0.00,20210914,20210914,完納,NULL
5043,20210617,2021-06-17,IHSA,4524486093708,21SJ-14K ﾚｻﾞｰｼﾞｬｹｯﾄ BK 桧垣桜 L,21SJ-14K 桧垣桜,BK,L,16.00,16.00,0.00,20210914,20210914,完納,NULL
5043,20210617,2021-06-17,IHSA,4524486094958,21SJ-14K ﾚｻﾞｰｼﾞｬｹｯﾄ BK 鉄流水雪輪 M,21SJ-14K 鉄流水雪輪,BK,M,8.00,8.00,0.00,20210914,20210914,完納,NULL
5043,20210617,2021-06-17,IHSA,4524486094972,21SJ-14K ﾚｻﾞｰｼﾞｬｹｯﾄ BK 鉄流水雪輪 XL,21SJ-14K 鉄流水雪輪,BK,XL,17.00,17.00,0.00,20210914,20210914,完納,NULL
5260,20211116,2021-11-16,IHSA,4524486093661,21SJ-14K ﾚｻﾞｰｼﾞｬｹｯﾄ BK 流水雪輪 M,21SJ-14K,流水 BK,M,3.00,3.00,0.00,20220520,20220520,完納,NULL
5260,20211116,2021-11-16,IHSA,4524486093678,21SJ-14K ﾚｻﾞｰｼﾞｬｹｯﾄ BK 流水雪輪 L,21SJ-14K,流水 BK,L,6.00,6.00,0.00,20220520,20220520,完納,NULL
5260,20211116,2021-11-16,IHSA,4524486093685,21SJ-14K ﾚｻﾞｰｼﾞｬｹｯﾄ BK 流水雪輪 XL,21SJ-14K,流水 BK,XL,6.00,6.00,0.00,20211228,20220520,完納,NULL
5313,20211213,2021-12-13,IHSA,4524486093708,21SJ-14K ﾚｻﾞｰｼﾞｬｹｯﾄ BK 桧垣桜 L,21SJ-14K,桧垣 BK,L,9.00,9.00,0.00,20220407,20220407,完納,NULL
5313,20211213,2021-12-13,IHSA,4524486093715,21SJ-14K ﾚｻﾞｰｼﾞｬｹｯﾄ BK 桧垣桜 XL,21SJ-14K,桧垣 BK,XL,12.00,12.00,0.00,20220407,20220407,完納,NULL
5313,20211213,2021-12-13,IHSA,4524486097973,21SJ-14K ﾚｻﾞｰｼﾞｬｹｯﾄ BK 桧垣桜 LW,21SJ-14K,桧垣 BK,LW,10.00,10.00,0.00,20220407,20220407,完納,NULL
5313,20211213,2021-12-13,IHSA,4524486093692,21SJ-14K ﾚｻﾞｰｼﾞｬｹｯﾄ BK 桧垣桜 M,21SJ-14K,桧垣 BK,M,10.00,10.00,0.00,20220407,20220407,完納,NULL
5339,20211228,2021-12-28,IHSA,4524486093647,21SJ-14K ﾚｻﾞｰｼﾞｬｹｯﾄ BK 風神雷神BE L,21SJ-14K,風BK/BE,L,8.00,8.00,0.00,20220520,20220520,完納,NULL
5339,20211228,2021-12-28,IHSA,4524486094972,21SJ-14K ﾚｻﾞｰｼﾞｬｹｯﾄ BK 鉄流水雪輪 XL,21SJ-14K,鉄流 BK,XL,7.00,7.00,0.00,20220520,20220520,完納,NULL
5339,20211228,2021-12-28,IHSA,4524486093685,21SJ-14K ﾚｻﾞｰｼﾞｬｹｯﾄ BK 流水雪輪 XL,21SJ-14K,流水 BK,XL,9.00,9.00,0.00,20220215,20220520,完納,NULL
5339,20211228,2021-12-28,IHSA,4524486094965,21SJ-14K ﾚｻﾞｰｼﾞｬｹｯﾄ BK 鉄流水雪輪 L,21SJ-14K,鉄流 BK,L,7.00,7.00,0.00,20220520,20220520,完納,NULL
5339,20211228,2021-12-28,IHSA,4524486093630,21SJ-14K ﾚｻﾞｰｼﾞｬｹｯﾄ BK 風神雷神BE M,21SJ-14K,風BK/BE,M,4.00,4.00,0.00,20220520,20220520,完納,NULL
5339,20211228,2021-12-28,IHSA,4524486093678,21SJ-14K ﾚｻﾞｰｼﾞｬｹｯﾄ BK 流水雪輪 L,21SJ-14K,流水 BK,L,10.00,10.00,0.00,20220215,20220520,完納,NULL
5339,20211228,2021-12-28,IHSA,4524486097959,21SJ-14K ﾚｻﾞｰｼﾞｬｹｯﾄ BK 流水雪輪 LW,21SJ-14K,流水 BK,LW,4.00,4.00,0.00,20220520,20220520,完納,NULL
5339,20211228,2021-12-28,IHSA,4524486093654,21SJ-14K ﾚｻﾞｰｼﾞｬｹｯﾄ BK 風神雷神BE XL,21SJ-14K,風BK/BE,XL,2.00,2.00,0.00,20220520,20220520,完納,NULL
5339,20211228,2021-12-28,IHSA,4524486093661,21SJ-14K ﾚｻﾞｰｼﾞｬｹｯﾄ BK 流水雪輪 M,21SJ-14K,流水 BK,M,5.00,5.00,0.00,20220215,20220520,完納,NULL
5339,20211228,2021-12-28,IHSA,4524486094958,21SJ-14K ﾚｻﾞｰｼﾞｬｹｯﾄ BK 鉄流水雪輪 M,21SJ-14K,鉄流 BK,M,2.00,2.00,0.00,20220520,20220520,完納,NULL
5339,20211228,2021-12-28,IHSA,4524486097966,21SJ-14K ﾚｻﾞｰｼﾞｬｹｯﾄ BK 鉄流水雪輪 LW,21SJ-14K,鉄流 BK,LW,5.00,5.00,0.00,20220520,20220520,完納,NULL
5432,20220301,2022-03-01,IHSA,4524486094965,21SJ-14K ﾚｻﾞｰｼﾞｬｹｯﾄ BK 鉄流水雪輪 L,21SJ-14K,鉄流 BK,L,5.00,5.00,0.00,20220712,20220712,完納,NULL
5432,20220301,2022-03-01,IHSA,4524486094972,21SJ-14K ﾚｻﾞｰｼﾞｬｹｯﾄ BK 鉄流水雪輪 XL,21SJ-14K,鉄流 BK,XL,11.00,11.00,0.00,20220712,20220712,完納,NULL
5432,20220301,2022-03-01,IHSA,4524486094958,21SJ-14K ﾚｻﾞｰｼﾞｬｹｯﾄ BK 鉄流水雪輪 M,21SJ-14K,鉄流 BK,M,5.00,5.00,0.00,20220712,20220712,完納,NULL
5490,20220407,2022-04-07,IHSA,4524486093661,21SJ-14K ﾚｻﾞｰｼﾞｬｹｯﾄ BK 流水雪輪 M,21SJ-14K,流水 BK,M,6.00,6.00,0.00,20220712,20220812,完納,NULL
5490,20220407,2022-04-07,IHSA,4524486093692,21SJ-14K ﾚｻﾞｰｼﾞｬｹｯﾄ BK 桧垣桜 M,21SJ-14K,桧垣 BK,M,13.00,13.00,0.00,20220712,20220812,完納,NULL
5490,20220407,2022-04-07,IHSA,4524486093708,21SJ-14K ﾚｻﾞｰｼﾞｬｹｯﾄ BK 桧垣桜 L,21SJ-14K,桧垣 BK,L,16.00,16.00,0.00,20220712,20220812,完納,NULL
5490,20220407,2022-04-07,IHSA,4524486093685,21SJ-14K ﾚｻﾞｰｼﾞｬｹｯﾄ BK 流水雪輪 XL,21SJ-14K,流水 BK,XL,8.00,8.00,0.00,20220712,20220812,完納,NULL
5490,20220407,2022-04-07,IHSA,4524486093715,21SJ-14K ﾚｻﾞｰｼﾞｬｹｯﾄ BK 桧垣桜 XL,21SJ-14K,桧垣 BK,XL,6.00,6.00,0.00,20220812,20220812,完納,NULL
5490,20220407,2022-04-07,IHSA,4524486093678,21SJ-14K ﾚｻﾞｰｼﾞｬｹｯﾄ BK 流水雪輪 L,21SJ-14K,流水 BK,L,7.00,7.00,0.00,20220914,20220914,完納,NULL
5558,20220519,2022-05-19,IHSA,4524486093678,21SJ-14K ﾚｻﾞｰｼﾞｬｹｯﾄ BK 流水雪輪 L,21SJ-14K,流水 BK,L,7.00,7.00,0.00,20220712,20220712,完納,NULL
5558,20220519,2022-05-19,IHSA,4524486097959,21SJ-14K ﾚｻﾞｰｼﾞｬｹｯﾄ BK 流水雪輪 LW,21SJ-14K,流水 BK,LW,3.00,3.00,0.00,20220712,20220712,完納,NULL
5558,20220519,2022-05-19,IHSA,4524486093685,21SJ-14K ﾚｻﾞｰｼﾞｬｹｯﾄ BK 流水雪輪 XL,21SJ-14K,流水 BK,XL,6.00,6.00,0.00,20220712,20220712,完納,NULL
5558,20220519,2022-05-19,IHSA,4524486093661,21SJ-14K ﾚｻﾞｰｼﾞｬｹｯﾄ BK 流水雪輪 M,21SJ-14K,流水 BK,M,5.00,5.00,0.00,20220712,20220712,完納,NULL
5558,20220519,2022-05-19,IHSA,4524486093692,21SJ-14K ﾚｻﾞｰｼﾞｬｹｯﾄ BK 桧垣桜 M,21SJ-14K,桧垣 BK,M,11.00,11.00,0.00,20220712,20220712,完納,NULL
5558,20220519,2022-05-19,IHSA,4524486093708,21SJ-14K ﾚｻﾞｰｼﾞｬｹｯﾄ BK 桧垣桜 L,21SJ-14K,桧垣 BK,L,8.00,8.00,0.00,20220712,20220712,完納,NULL
5558,20220519,2022-05-19,IHSA,4524486093715,21SJ-14K ﾚｻﾞｰｼﾞｬｹｯﾄ BK 桧垣桜 XL,21SJ-14K,桧垣 BK,XL,6.00,6.00,0.00,20220712,20220712,完納,NULL
5558,20220519,2022-05-19,IHSA,4524486097973,21SJ-14K ﾚｻﾞｰｼﾞｬｹｯﾄ BK 桧垣桜 LW,21SJ-14K,桧垣 BK,LW,3.00,3.00,0.00,20220712,20220712,完納,NULL
5608,20220606,2022-06-06,IHSA,4524486093647,21SJ-14K ﾚｻﾞｰｼﾞｬｹｯﾄ BK 風神雷神BE L,21SJ-14K,風BK/BE,L,6.00,6.00,0.00,20221111,20221111,完納,NULL
5608,20220606,2022-06-06,IHSA,4524486093715,21SJ-14K ﾚｻﾞｰｼﾞｬｹｯﾄ BK 桧垣桜 XL,21SJ-14K,桧垣 BK,XL,11.00,11.00,0.00,20221012,20221012,完納,NULL
5608,20220606,2022-06-06,IHSA,4524486094965,21SJ-14K ﾚｻﾞｰｼﾞｬｹｯﾄ BK 鉄流水雪輪 L,21SJ-14K,鉄流 BK,L,17.00,17.00,0.00,20221012,20221111,完納,NULL
5608,20220606,2022-06-06,IHSA,4524486094972,21SJ-14K ﾚｻﾞｰｼﾞｬｹｯﾄ BK 鉄流水雪輪 XL,21SJ-14K,鉄流 BK,XL,9.00,9.00,0.00,20221012,20221111,完納,NULL
5608,20220606,2022-06-06,IHSA,4524486097973,21SJ-14K ﾚｻﾞｰｼﾞｬｹｯﾄ BK 桧垣桜 LW,21SJ-14K,桧垣 BK,LW,4.00,4.00,0.00,20221012,20221012,完納,NULL
5608,20220606,2022-06-06,IHSA,4524486093654,21SJ-14K ﾚｻﾞｰｼﾞｬｹｯﾄ BK 風神雷神BE XL,21SJ-14K,風BK/BE,XL,8.00,8.00,0.00,20221012,20221111,完納,NULL
5608,20220606,2022-06-06,IHSA,4524486093661,21SJ-14K ﾚｻﾞｰｼﾞｬｹｯﾄ BK 流水雪輪 M,21SJ-14K,流水 BK,M,7.00,7.00,0.00,20221012,20221012,完納,NULL
5608,20220606,2022-06-06,IHSA,4524486093692,21SJ-14K ﾚｻﾞｰｼﾞｬｹｯﾄ BK 桧垣桜 M,21SJ-14K,桧垣 BK,M,3.00,3.00,0.00,20221012,20221012,完納,NULL
5608,20220606,2022-06-06,IHSA,4524486093708,21SJ-14K ﾚｻﾞｰｼﾞｬｹｯﾄ BK 桧垣桜 L,21SJ-14K,桧垣 BK,L,11.00,11.00,0.00,20221012,20221012,完納,NULL
5608,20220606,2022-06-06,IHSA,4524486094958,21SJ-14K ﾚｻﾞｰｼﾞｬｹｯﾄ BK 鉄流水雪輪 M,21SJ-14K,鉄流 BK,M,7.00,7.00,0.00,20221012,20221012,完納,NULL
5608,20220606,2022-06-06,IHSA,4524486097966,21SJ-14K ﾚｻﾞｰｼﾞｬｹｯﾄ BK 鉄流水雪輪 LW,21SJ-14K,鉄流 BK,LW,3.00,3.00,0.00,20221012,20221012,完納,NULL
5608,20220606,2022-06-06,IHSA,4524486093685,21SJ-14K ﾚｻﾞｰｼﾞｬｹｯﾄ BK 流水雪輪 XL,21SJ-14K,流水 BK,XL,3.00,3.00,0.00,20221012,20221012,完納,NULL
5608,20220606,2022-06-06,IHSA,4524486093678,21SJ-14K ﾚｻﾞｰｼﾞｬｹｯﾄ BK 流水雪輪 L,21SJ-14K,流水 BK,L,12.00,12.00,0.00,20221012,20221012,完納,NULL
5749,20220825,2022-08-25,IHSA,4524486093630,21SJ-14K ﾚｻﾞｰｼﾞｬｹｯﾄ BK 風神雷神BE M,21SJ-14K,風BK/BE,M,6.00,6.00,0.00,20221111,20221111,完納,NULL
5749,20220825,2022-08-25,IHSA,4524486093647,21SJ-14K ﾚｻﾞｰｼﾞｬｹｯﾄ BK 風神雷神BE L,21SJ-14K,風BK/BE,L,4.00,4.00,0.00,20221111,20221111,完納,NULL
5749,20220825,2022-08-25,IHSA,4524486093654,21SJ-14K ﾚｻﾞｰｼﾞｬｹｯﾄ BK 風神雷神BE XL,21SJ-14K,風BK/BE,XL,4.00,4.00,0.00,20221111,20221111,完納,NULL
5865,20221116,2022-11-16,IHSA,4524486093692,21SJ-14K ﾚｻﾞｰｼﾞｬｹｯﾄ BK 桧垣桜 M,21SJ-14K,桧垣 BK,M,10.00,10.00,0.00,20230216,20230414,完納,NULL
5865,20221116,2022-11-16,IHSA,4524486093685,21SJ-14K ﾚｻﾞｰｼﾞｬｹｯﾄ BK 流水雪輪 XL,21SJ-14K,流水 BK,XL,15.00,15.00,0.00,20230116,20230216,完納,NULL
5865,20221116,2022-11-16,IHSA,4524486093708,21SJ-14K ﾚｻﾞｰｼﾞｬｹｯﾄ BK 桧垣桜 L,21SJ-14K,桧垣 BK,L,27.00,27.00,0.00,20230116,20230414,完納,NULL
5865,20221116,2022-11-16,IHSA,4524486093661,21SJ-14K ﾚｻﾞｰｼﾞｬｹｯﾄ BK 流水雪輪 M,21SJ-14K,流水 BK,M,7.00,7.00,0.00,20230116,20230216,完納,NULL
5865,20221116,2022-11-16,IHSA,4524486093678,21SJ-14K ﾚｻﾞｰｼﾞｬｹｯﾄ BK 流水雪輪 L,21SJ-14K,流水 BK,L,20.00,20.00,0.00,20230116,20230216,完納,NULL
5865,20221116,2022-11-16,IHSA,4524486097973,21SJ-14K ﾚｻﾞｰｼﾞｬｹｯﾄ BK 桧垣桜 LW,21SJ-14K,桧垣 BK,LW,5.00,5.00,0.00,20230414,20230414,完納,NULL
5903,20221215,2022-12-15,IHSA,4524486093647,21SJ-14K ﾚｻﾞｰｼﾞｬｹｯﾄ BK 風神雷神BE L,21SJ-14K,風BK/BE,L,5.00,5.00,0.00,20230414,20230414,完納,NULL
5903,20221215,2022-12-15,IHSA,4524486093654,21SJ-14K ﾚｻﾞｰｼﾞｬｹｯﾄ BK 風神雷神BE XL,21SJ-14K,風BK/BE,XL,3.00,3.00,0.00,20230414,20230414,完納,NULL
5903,20221215,2022-12-15,IHSA,4524486094958,21SJ-14K ﾚｻﾞｰｼﾞｬｹｯﾄ BK 鉄流水雪輪 M,21SJ-14K,鉄流 BK,M,7.00,7.00,0.00,20230414,20230414,完納,NULL
5903,20221215,2022-12-15,IHSA,4524486094972,21SJ-14K ﾚｻﾞｰｼﾞｬｹｯﾄ BK 鉄流水雪輪 XL,21SJ-14K,鉄流 BK,XL,4.00,4.00,0.00,20230414,20230414,完納,NULL
5903,20221215,2022-12-15,IHSA,4524486093630,21SJ-14K ﾚｻﾞｰｼﾞｬｹｯﾄ BK 風神雷神BE M,21SJ-14K,風BK/BE,M,6.00,6.00,0.00,20230216,20230414,完納,NULL
5903,20221215,2022-12-15,IHSA,4524486093715,21SJ-14K ﾚｻﾞｰｼﾞｬｹｯﾄ BK 桧垣桜 XL,21SJ-14K,桧垣 BK,XL,21.00,21.00,0.00,20230216,20230523,完納,NULL
5903,20221215,2022-12-15,IHSA,4524486094965,21SJ-14K ﾚｻﾞｰｼﾞｬｹｯﾄ BK 鉄流水雪輪 L,21SJ-14K,鉄流 BK,L,3.00,3.00,0.00,20230414,20230414,完納,NULL
5921,20221227,2022-12-27,IHSA,4524486103247,21SJ-14K ﾚｻﾞｰｼﾞｬｹｯﾄ BK L 雲龍,21SJ-14K,雲龍 BK,L,19.00,19.00,0.00,20230216,20230801,完納,NULL
5921,20221227,2022-12-27,IHSA,4524486103254,21SJ-14K ﾚｻﾞｰｼﾞｬｹｯﾄ BK XL 雲龍,21SJ-14K,雲龍 BK,XL,13.00,13.00,0.00,20230216,20230801,完納,NULL
5921,20221227,2022-12-27,IHSA,4524486103230,21SJ-14K ﾚｻﾞｰｼﾞｬｹｯﾄ BK M 雲龍,21SJ-14K,雲龍 BK,M,11.00,11.00,0.00,20230216,20230801,完納,NULL
5942,20230116,2023-01-16,IHSA,4524486093678,21SJ-14K ﾚｻﾞｰｼﾞｬｹｯﾄ BK 流水雪輪 L,21SJ-14K,流水 BK,L,30.00,30.00,0.00,20230414,20230620,完納,NULL
5942,20230116,2023-01-16,IHSA,4524486093685,21SJ-14K ﾚｻﾞｰｼﾞｬｹｯﾄ BK 流水雪輪 XL,21SJ-14K,流水 BK,XL,25.00,25.00,0.00,20230414,20230801,完納,NULL
5942,20230116,2023-01-16,IHSA,4524486093661,21SJ-14K ﾚｻﾞｰｼﾞｬｹｯﾄ BK 流水雪輪 M,21SJ-14K,流水 BK,M,25.00,25.00,0.00,20230414,20230801,完納,NULL
5942,20230116,2023-01-16,IHSA,4524486093692,21SJ-14K ﾚｻﾞｰｼﾞｬｹｯﾄ BK 桧垣桜 M,21SJ-14K,桧垣 BK,M,25.00,25.00,0.00,20230414,20230801,完納,NULL
5942,20230116,2023-01-16,IHSA,4524486093708,21SJ-14K ﾚｻﾞｰｼﾞｬｹｯﾄ BK 桧垣桜 L,21SJ-14K,桧垣 BK,L,35.00,35.00,0.00,20230523,20230620,完納,NULL
5942,20230116,2023-01-16,IHSA,4524486093715,21SJ-14K ﾚｻﾞｰｼﾞｬｹｯﾄ BK 桧垣桜 XL,21SJ-14K,桧垣 BK,XL,10.00,10.00,0.00,20230523,20230523,完納,NULL
5945,20230119,2023-01-19,IHSA,4524486103292,21SJ-14K ﾚｻﾞｰｼﾞｬｹｯﾄ BK M 鳥獣戯画,21SJ-14K,鳥獣 BK,M,6.00,6.00,0.00,20230523,20230801,完納,NULL
5945,20230119,2023-01-19,IHSA,4524486103315,21SJ-14K ﾚｻﾞｰｼﾞｬｹｯﾄ BK XL 鳥獣戯画,21SJ-14K,鳥獣 BK,XL,7.00,7.00,0.00,20230523,20230801,完納,NULL
5945,20230119,2023-01-19,IHSA,4524486103308,21SJ-14K ﾚｻﾞｰｼﾞｬｹｯﾄ BK L 鳥獣戯画,21SJ-14K,鳥獣 BK,L,8.00,8.00,0.00,20230523,20230801,完納,NULL
5968,20230208,2023-02-08,IHSA,4524486093678,21SJ-14K ﾚｻﾞｰｼﾞｬｹｯﾄ BK 流水雪輪 L,21SJ-14K,流水 BK,L,20.00,20.00,0.00,20230801,20231101,完納,NULL
5968,20230208,2023-02-08,IHSA,4524486093715,21SJ-14K ﾚｻﾞｰｼﾞｬｹｯﾄ BK 桧垣桜 XL,21SJ-14K,桧垣 BK,XL,20.00,20.00,0.00,20230801,20231101,完納,NULL
5968,20230208,2023-02-08,IHSA,4524486093685,21SJ-14K ﾚｻﾞｰｼﾞｬｹｯﾄ BK 流水雪輪 XL,21SJ-14K,流水 BK,XL,31.00,31.00,0.00,20230801,20231101,完納,NULL
5968,20230208,2023-02-08,IHSA,4524486093692,21SJ-14K ﾚｻﾞｰｼﾞｬｹｯﾄ BK 桧垣桜 M,21SJ-14K,桧垣 BK,M,20.00,20.00,0.00,20230828,20231101,完納,NULL
5968,20230208,2023-02-08,IHSA,4524486093661,21SJ-14K ﾚｻﾞｰｼﾞｬｹｯﾄ BK 流水雪輪 M,21SJ-14K,流水 BK,M,20.00,20.00,0.00,20230828,20231101,完納,NULL
5968,20230208,2023-02-08,IHSA,4524486093708,21SJ-14K ﾚｻﾞｰｼﾞｬｹｯﾄ BK 桧垣桜 L,21SJ-14K,桧垣 BK,L,31.00,31.00,0.00,20230801,20231101,完納,NULL
6041,20230407,2023-04-07,IHSA,4524486093647,21SJ-14K ﾚｻﾞｰｼﾞｬｹｯﾄ BK 風神雷神BE L,21SJ-14K,風BK/BE,L,11.00,11.00,0.00,20230828,20230828,完納,NULL
6041,20230407,2023-04-07,IHSA,4524486094972,21SJ-14K ﾚｻﾞｰｼﾞｬｹｯﾄ BK 鉄流水雪輪 XL,21SJ-14K,鉄流 BK,XL,15.00,15.00,0.00,20230801,20230828,完納,NULL
6041,20230407,2023-04-07,IHSA,4524486093685,21SJ-14K ﾚｻﾞｰｼﾞｬｹｯﾄ BK 流水雪輪 XL,21SJ-14K,流水 BK,XL,3.00,3.00,0.00,20231101,20231101,完納,NULL
6041,20230407,2023-04-07,IHSA,4524486093654,21SJ-14K ﾚｻﾞｰｼﾞｬｹｯﾄ BK 風神雷神BE XL,21SJ-14K,風BK/BE,XL,4.00,4.00,0.00,20230620,20230620,完納,NULL
6041,20230407,2023-04-07,IHSA,4524486093661,21SJ-14K ﾚｻﾞｰｼﾞｬｹｯﾄ BK 流水雪輪 M,21SJ-14K,流水 BK,M,3.00,3.00,0.00,20231101,20231101,完納,NULL
6041,20230407,2023-04-07,IHSA,4524486094958,21SJ-14K ﾚｻﾞｰｼﾞｬｹｯﾄ BK 鉄流水雪輪 M,21SJ-14K,鉄流 BK,M,6.00,6.00,0.00,20230828,20230828,完納,NULL
6041,20230407,2023-04-07,IHSA,4524486093630,21SJ-14K ﾚｻﾞｰｼﾞｬｹｯﾄ BK 風神雷神BE M,21SJ-14K,風BK/BE,M,6.00,6.00,0.00,20230620,20230828,完納,NULL
6041,20230407,2023-04-07,IHSA,4524486093678,21SJ-14K ﾚｻﾞｰｼﾞｬｹｯﾄ BK 流水雪輪 L,21SJ-14K,流水 BK,L,3.00,3.00,0.00,20231101,20231101,完納,NULL
6041,20230407,2023-04-07,IHSA,4524486097959,21SJ-14K ﾚｻﾞｰｼﾞｬｹｯﾄ BK 流水雪輪 LW,21SJ-14K,流水 BK,LW,5.00,5.00,0.00,20230620,20230620,完納,NULL
6109,20230518,2023-05-18,IHSA,4524486093630,21SJ-14K ﾚｻﾞｰｼﾞｬｹｯﾄ BK 風神雷神BE M,21SJ-14K,BK-BE風,M,7.00,7.00,0.00,20231101,20231101,完納,NULL
6109,20230518,2023-05-18,IHSA,4524486093654,21SJ-14K ﾚｻﾞｰｼﾞｬｹｯﾄ BK 風神雷神BE XL,21SJ-14K,BK-BE風,XL,8.00,8.00,0.00,20230828,20230828,完納,NULL
6109,20230518,2023-05-18,IHSA,4524486094958,21SJ-14K ﾚｻﾞｰｼﾞｬｹｯﾄ BK 鉄流水雪輪 M,21SJ-14K,BK 鉄流,M,7.00,7.00,0.00,20231101,20231101,完納,NULL
6109,20230518,2023-05-18,IHSA,4524486097966,21SJ-14K ﾚｻﾞｰｼﾞｬｹｯﾄ BK 鉄流水雪輪 LW,21SJ-14K,BK 鉄流,LW,6.00,6.00,0.00,20230828,20230828,完納,NULL
6109,20230518,2023-05-18,IHSA,4524486094965,21SJ-14K ﾚｻﾞｰｼﾞｬｹｯﾄ BK 鉄流水雪輪 L,21SJ-14K,BK 鉄流,L,3.00,3.00,0.00,20231101,20231101,完納,NULL
6109,20230518,2023-05-18,IHSA,4524486094972,21SJ-14K ﾚｻﾞｰｼﾞｬｹｯﾄ BK 鉄流水雪輪 XL,21SJ-14K,BK 鉄流,XL,5.00,5.00,0.00,20230828,20230828,完納,NULL
6266,20231003,2023-10-03,IHSA,4524486093692,21SJ-14K ﾚｻﾞｰｼﾞｬｹｯﾄ BK 桧垣桜 M,21SJ-14K,BK 桧垣,M,15.00,15.00,0.00,20231219,20240124,完納,NULL
6266,20231003,2023-10-03,IHSA,4524486103254,21SJ-14K ﾚｻﾞｰｼﾞｬｹｯﾄ BK XL 雲龍,21SJ-14K,BK 雲龍,XL,4.00,4.00,0.00,20231219,20231219,完納,NULL
6266,20231003,2023-10-03,IHSA,4524486103230,21SJ-14K ﾚｻﾞｰｼﾞｬｹｯﾄ BK M 雲龍,21SJ-14K,BK 雲龍,M,10.00,10.00,0.00,20231101,20231219,完納,NULL
6266,20231003,2023-10-03,IHSA,4524486093661,21SJ-14K ﾚｻﾞｰｼﾞｬｹｯﾄ BK 流水雪輪 M,21SJ-14K,BK 流水,M,15.00,15.00,0.00,20231219,20231219,完納,NULL
6266,20231003,2023-10-03,IHSA,4524486093678,21SJ-14K ﾚｻﾞｰｼﾞｬｹｯﾄ BK 流水雪輪 L,21SJ-14K,BK 流水,L,22.00,22.00,0.00,20231219,20231219,完納,NULL
6266,20231003,2023-10-03,IHSA,4524486097959,21SJ-14K ﾚｻﾞｰｼﾞｬｹｯﾄ BK 流水雪輪 LW,21SJ-14K,BK 流水,LW,10.00,10.00,0.00,20231219,20231219,完納,NULL
6266,20231003,2023-10-03,IHSA,4524486097973,21SJ-14K ﾚｻﾞｰｼﾞｬｹｯﾄ BK 桧垣桜 LW,21SJ-14K,BK 桧垣,LW,10.00,10.00,0.00,20231219,20231219,完納,NULL
6266,20231003,2023-10-03,IHSA,4524486103247,21SJ-14K ﾚｻﾞｰｼﾞｬｹｯﾄ BK L 雲龍,21SJ-14K,BK 雲龍,L,7.00,7.00,0.00,20231101,20231219,完納,NULL
6266,20231003,2023-10-03,IHSA,4524486093685,21SJ-14K ﾚｻﾞｰｼﾞｬｹｯﾄ BK 流水雪輪 XL,21SJ-14K,BK 流水,XL,3.00,3.00,0.00,20231219,20231219,完納,NULL
6266,20231003,2023-10-03,IHSA,4524486093708,21SJ-14K ﾚｻﾞｰｼﾞｬｹｯﾄ BK 桧垣桜 L,21SJ-14K,BK 桧垣,L,17.00,17.00,0.00,20231219,20240124,完納,NULL
6266,20231003,2023-10-03,IHSA,4524486093715,21SJ-14K ﾚｻﾞｰｼﾞｬｹｯﾄ BK 桧垣桜 XL,21SJ-14K,BK 桧垣,XL,8.00,8.00,0.00,20231219,20240124,完納,NULL
6305,20231013,2023-10-13,IHSA,4524486106538,21SJ-14K ﾚｻﾞｰｼﾞｬｹｯﾄ RD M 鉄流水雪輪,21SJ-14K,RD 鉄流,M,10.00,10.00,0.00,20231219,20240124,完納,NULL
6305,20231013,2023-10-13,IHSA,4524486106545,21SJ-14K ﾚｻﾞｰｼﾞｬｹｯﾄ RD L 鉄流水雪輪,21SJ-14K,RD 鉄流,L,10.00,10.00,0.00,20231219,20240124,完納,NULL
6305,20231013,2023-10-13,IHSA,4524486106552,21SJ-14K ﾚｻﾞｰｼﾞｬｹｯﾄ RD XL 鉄流水雪輪,21SJ-14K,RD 鉄流,XL,10.00,10.00,0.00,20231219,20231219,完納,NULL
6299,20231020,2023-10-20,IHSA,4524486103254,21SJ-14K ﾚｻﾞｰｼﾞｬｹｯﾄ BK XL 雲龍,21SJ-14K,BK 雲龍,XL,13.00,13.00,0.00,20240124,20240306,完納,NULL
6299,20231020,2023-10-20,IHSA,4524486103230,21SJ-14K ﾚｻﾞｰｼﾞｬｹｯﾄ BK M 雲龍,21SJ-14K,BK 雲龍,M,17.00,17.00,0.00,20240124,20240306,完納,NULL
6299,20231020,2023-10-20,IHSA,4524486103247,21SJ-14K ﾚｻﾞｰｼﾞｬｹｯﾄ BK L 雲龍,21SJ-14K,BK 雲龍,L,23.00,23.00,0.00,20240124,20240306,完納,NULL
6330,20231031,2023-10-31,IHSA,4524486106606,21SJ-14K ﾚｻﾞｰｼﾞｬｹｯﾄ BK XL 百鬼夜行,21SJ-14K,BK 百夜,XL,2.00,2.00,0.00,20240124,20240124,完納,NULL
6330,20231031,2023-10-31,IHSA,4524486106590,21SJ-14K ﾚｻﾞｰｼﾞｬｹｯﾄ BK L 百鬼夜行,21SJ-14K,BK 百夜,L,3.00,3.00,0.00,20240124,20240124,完納,NULL
6330,20231031,2023-10-31,IHSA,4524486106583,21SJ-14K ﾚｻﾞｰｼﾞｬｹｯﾄ BK M 百鬼夜行,21SJ-14K,BK 百夜,M,2.00,2.00,0.00,20240124,20240124,完納,NULL
6393,20231201,2023-12-01,IHSA,4524486107566,21SJ-14K ﾚｻﾞｰｼﾞｬｹｯﾄ NV L 鉄流水雪輪,21SJ-14K,NV 鉄流,L,22.00,22.00,0.00,20240306,20240507,完納,NULL
6393,20231201,2023-12-01,IHSA,4524486107559,21SJ-14K ﾚｻﾞｰｼﾞｬｹｯﾄ NV M 鉄流水雪輪,21SJ-14K,NV 鉄流,M,18.00,18.00,0.00,20240306,20240614,完納,NULL
6393,20231201,2023-12-01,IHSA,4524486107573,21SJ-14K ﾚｻﾞｰｼﾞｬｹｯﾄ NV XL 鉄流水雪輪,21SJ-14K,NV 鉄流,XL,20.00,20.00,0.00,20240306,20240403,完納,NULL
6356,20231204,2023-12-04,IHSA,4524486093647,21SJ-14K ﾚｻﾞｰｼﾞｬｹｯﾄ BK 風神雷神BE L,21SJ-14K,BK-BE風,L,4.00,4.00,0.00,20240306,20240306,完納,NULL
6356,20231204,2023-12-04,IHSA,4524486093654,21SJ-14K ﾚｻﾞｰｼﾞｬｹｯﾄ BK 風神雷神BE XL,21SJ-14K,BK-BE風,XL,4.00,4.00,0.00,20240306,20240306,完納,NULL
6356,20231204,2023-12-04,IHSA,4524486093708,21SJ-14K ﾚｻﾞｰｼﾞｬｹｯﾄ BK 桧垣桜 L,21SJ-14K,BK 桧垣,L,22.00,22.00,0.00,20240403,20240614,完納,NULL
6356,20231204,2023-12-04,IHSA,4524486093715,21SJ-14K ﾚｻﾞｰｼﾞｬｹｯﾄ BK 桧垣桜 XL,21SJ-14K,BK 桧垣,XL,3.00,3.00,0.00,20240403,20240403,完納,NULL
6356,20231204,2023-12-04,IHSA,4524486094958,21SJ-14K ﾚｻﾞｰｼﾞｬｹｯﾄ BK 鉄流水雪輪 M,21SJ-14K,BK 鉄流,M,6.00,6.00,0.00,20240507,20240614,完納,NULL
6356,20231204,2023-12-04,IHSA,4524486094965,21SJ-14K ﾚｻﾞｰｼﾞｬｹｯﾄ BK 鉄流水雪輪 L,21SJ-14K,BK 鉄流,L,3.00,3.00,0.00,20240403,20240403,完納,NULL
6356,20231204,2023-12-04,IHSA,4524486094972,21SJ-14K ﾚｻﾞｰｼﾞｬｹｯﾄ BK 鉄流水雪輪 XL,21SJ-14K,BK 鉄流,XL,9.00,9.00,0.00,20240614,20240614,完納,NULL
6356,20231204,2023-12-04,IHSA,4524486097966,21SJ-14K ﾚｻﾞｰｼﾞｬｹｯﾄ BK 鉄流水雪輪 LW,21SJ-14K,BK 鉄流,LW,3.00,3.00,0.00,20240306,20240306,完納,NULL
6356,20231204,2023-12-04,IHSA,4524486093678,21SJ-14K ﾚｻﾞｰｼﾞｬｹｯﾄ BK 流水雪輪 L,21SJ-14K,BK 流水,L,9.00,9.00,0.00,20240403,20240507,完納,NULL
6356,20231204,2023-12-04,IHSA,4524486097959,21SJ-14K ﾚｻﾞｰｼﾞｬｹｯﾄ BK 流水雪輪 LW,21SJ-14K,BK 流水,LW,3.00,3.00,0.00,20240306,20240306,完納,NULL
6419,20240207,2024-02-07,IHSA,4524486093654,21SJ-14K ﾚｻﾞｰｼﾞｬｹｯﾄ BK 風神雷神BE XL,21SJ-14K,BK-BE風,XL,11.00,11.00,0.00,20240614,20240910,完納,NULL
6419,20240207,2024-02-07,IHSA,4524486093661,21SJ-14K ﾚｻﾞｰｼﾞｬｹｯﾄ BK 流水雪輪 M,21SJ-14K,BK 流水,M,5.00,5.00,0.00,20240710,20240710,完納,NULL
6419,20240207,2024-02-07,IHSA,4524486093692,21SJ-14K ﾚｻﾞｰｼﾞｬｹｯﾄ BK 桧垣桜 M,21SJ-14K,BK 桧垣,M,19.00,19.00,0.00,20240614,20240807,完納,NULL
6419,20240207,2024-02-07,IHSA,4524486097966,21SJ-14K ﾚｻﾞｰｼﾞｬｹｯﾄ BK 鉄流水雪輪 LW,21SJ-14K,BK 鉄流,LW,11.00,11.00,0.00,20240403,20240403,完納,NULL
6419,20240207,2024-02-07,IHSA,4524486106545,21SJ-14K ﾚｻﾞｰｼﾞｬｹｯﾄ RD L 鉄流水雪輪,21SJ-14K,RD 鉄流,L,24.00,24.00,0.00,20240614,20240910,完納,NULL
6419,20240207,2024-02-07,IHSA,4524486093685,21SJ-14K ﾚｻﾞｰｼﾞｬｹｯﾄ BK 流水雪輪 XL,21SJ-14K,BK 流水,XL,12.00,12.00,0.00,20240710,20240710,完納,NULL
6419,20240207,2024-02-07,IHSA,4524486103254,21SJ-14K ﾚｻﾞｰｼﾞｬｹｯﾄ BK XL 雲龍,21SJ-14K,BK 雲龍,XL,11.00,11.00,0.00,20240403,20240710,完納,NULL
6419,20240207,2024-02-07,IHSA,4524486106552,21SJ-14K ﾚｻﾞｰｼﾞｬｹｯﾄ RD XL 鉄流水雪輪,21SJ-14K,RD 鉄流,XL,16.00,16.00,0.00,20240614,20240910,完納,NULL
6419,20240207,2024-02-07,IHSA,4524486093647,21SJ-14K ﾚｻﾞｰｼﾞｬｹｯﾄ BK 風神雷神BE L,21SJ-14K,BK-BE風,L,3.00,3.00,0.00,20240614,20240614,完納,NULL
6419,20240207,2024-02-07,IHSA,4524486093715,21SJ-14K ﾚｻﾞｰｼﾞｬｹｯﾄ BK 桧垣桜 XL,21SJ-14K,BK 桧垣,XL,14.00,14.00,0.00,20240807,20240807,完納,NULL
6419,20240207,2024-02-07,IHSA,4524486094965,21SJ-14K ﾚｻﾞｰｼﾞｬｹｯﾄ BK 鉄流水雪輪 L,21SJ-14K,BK 鉄流,L,5.00,5.00,0.00,20240614,20240614,完納,NULL
6419,20240207,2024-02-07,IHSA,4524486094972,21SJ-14K ﾚｻﾞｰｼﾞｬｹｯﾄ BK 鉄流水雪輪 XL,21SJ-14K,BK 鉄流,XL,5.00,5.00,0.00,20240614,20240614,完納,NULL
6419,20240207,2024-02-07,IHSA,4524486097973,21SJ-14K ﾚｻﾞｰｼﾞｬｹｯﾄ BK 桧垣桜 LW,21SJ-14K,BK 桧垣,LW,14.00,14.00,0.00,20240710,20240710,完納,NULL
6419,20240207,2024-02-07,IHSA,4524486106538,21SJ-14K ﾚｻﾞｰｼﾞｬｹｯﾄ RD M 鉄流水雪輪,21SJ-14K,RD 鉄流,M,24.00,24.00,0.00,20240614,20241011,完納,NULL
6419,20240207,2024-02-07,IHSA,4524486093678,21SJ-14K ﾚｻﾞｰｼﾞｬｹｯﾄ BK 流水雪輪 L,21SJ-14K,BK 流水,L,3.00,3.00,0.00,20240614,20240710,完納,NULL
6419,20240207,2024-02-07,IHSA,4524486097959,21SJ-14K ﾚｻﾞｰｼﾞｬｹｯﾄ BK 流水雪輪 LW,21SJ-14K,BK 流水,LW,8.00,8.00,0.00,20240710,20240710,完納,NULL
6419,20240207,2024-02-07,IHSA,4524486103230,21SJ-14K ﾚｻﾞｰｼﾞｬｹｯﾄ BK M 雲龍,21SJ-14K,BK 雲龍,M,4.00,4.00,0.00,20240910,20240910,完納,NULL
6419,20240207,2024-02-07,IHSA,4524486103247,21SJ-14K ﾚｻﾞｰｼﾞｬｹｯﾄ BK L 雲龍,21SJ-14K,BK 雲龍,L,6.00,6.00,0.00,20240910,20240910,完納,NULL
6489,20240415,2024-04-15,IHSA,4524486093708,21SJ-14K ﾚｻﾞｰｼﾞｬｹｯﾄ BK 桧垣桜 L,21SJ-14K,BK 桧垣,L,8.00,8.00,0.00,20241228,20241228,完納,NULL
6489,20240415,2024-04-15,IHSA,4524486093715,21SJ-14K ﾚｻﾞｰｼﾞｬｹｯﾄ BK 桧垣桜 XL,21SJ-14K,BK 桧垣,XL,3.00,3.00,0.00,20241228,20241228,完納,NULL
6489,20240415,2024-04-15,IHSA,4524486093661,21SJ-14K ﾚｻﾞｰｼﾞｬｹｯﾄ BK 流水雪輪 M,21SJ-14K,BK 流水,M,11.00,11.00,0.00,20241121,20241228,完納,NULL
6489,20240415,2024-04-15,IHSA,4524486093692,21SJ-14K ﾚｻﾞｰｼﾞｬｹｯﾄ BK 桧垣桜 M,21SJ-14K,BK 桧垣,M,5.00,5.00,0.00,20250205,20250324,完納,NULL
6489,20240415,2024-04-15,IHSA,4524486097973,21SJ-14K ﾚｻﾞｰｼﾞｬｹｯﾄ BK 桧垣桜 LW,21SJ-14K,BK 桧垣,LW,5.00,5.00,0.00,20240807,20240807,完納,NULL
6489,20240415,2024-04-15,IHSA,4524486093678,21SJ-14K ﾚｻﾞｰｼﾞｬｹｯﾄ BK 流水雪輪 L,21SJ-14K,BK 流水,L,15.00,15.00,0.00,20241121,20241121,完納,NULL
6489,20240415,2024-04-15,IHSA,4524486093685,21SJ-14K ﾚｻﾞｰｼﾞｬｹｯﾄ BK 流水雪輪 XL,21SJ-14K,BK 流水,XL,9.00,9.00,0.00,20241121,20241121,完納,NULL
6489,20240415,2024-04-15,IHSA,4524486097959,21SJ-14K ﾚｻﾞｰｼﾞｬｹｯﾄ BK 流水雪輪 LW,21SJ-14K,BK 流水,LW,10.00,10.00,0.00,20240807,20240807,完納,NULL
6553,20240531,2024-05-31,IHSA,4524486107740,21SJ-14K ﾚｻﾞｰｼﾞｬｹｯﾄ RD M 雲龍,21SJ-14K,RD 雲龍,M,8.00,8.00,0.00,20240910,20241011,完納,NULL
6553,20240531,2024-05-31,IHSA,4524486107771,21SJ-14K ﾚｻﾞｰｼﾞｬｹｯﾄ RD LW 雲龍,21SJ-14K,RD 雲龍,LW,3.00,3.00,0.00,20241011,20241011,完納,NULL
6553,20240531,2024-05-31,IHSA,4524486103254,21SJ-14K ﾚｻﾞｰｼﾞｬｹｯﾄ BK XL 雲龍,21SJ-14K,BK 雲龍,XL,22.00,22.00,0.00,20240910,20241011,完納,NULL
6555,20240531,2024-05-31,IHSA,4524486109515,21SJ-14K ﾚｻﾞｰｼﾞｬｹｯﾄ  BK XLW 桧垣桜,21SJ-14K,BK 桧垣,XLW,15.00,15.00,0.00,20240910,20241121,完納,NULL
6555,20240531,2024-05-31,IHSA,4524486109522,21SJ-14K ﾚｻﾞｰｼﾞｬｹｯﾄ  BK XLW 流水雪輪,21SJ-14K,BK 流水,XLW,15.00,15.00,0.00,20240910,20241121,完納,NULL
6553,20240531,2024-05-31,IHSA,4524486103247,21SJ-14K ﾚｻﾞｰｼﾞｬｹｯﾄ BK L 雲龍,21SJ-14K,BK 雲龍,L,21.00,21.00,0.00,20240910,20241011,完納,NULL
6553,20240531,2024-05-31,IHSA,4524486103230,21SJ-14K ﾚｻﾞｰｼﾞｬｹｯﾄ BK M 雲龍,21SJ-14K,BK 雲龍,M,7.00,7.00,0.00,20241011,20241011,完納,NULL
6553,20240531,2024-05-31,IHSA,4524486107757,21SJ-14K ﾚｻﾞｰｼﾞｬｹｯﾄ RD L 雲龍,21SJ-14K,RD 雲龍,L,8.00,8.00,0.00,20241011,20241011,完納,NULL
6553,20240531,2024-05-31,IHSA,4524486107764,21SJ-14K ﾚｻﾞｰｼﾞｬｹｯﾄ RD XL 雲龍,21SJ-14K,RD 雲龍,XL,7.00,7.00,0.00,20241011,20241011,完納,NULL
6561,20240607,2024-06-07,IHSA,4524486109508,21SJ-14K ﾚｻﾞｰｼﾞｬｹｯﾄ  BK XL 鳳凰,21SJ-14K,BK 鳳凰,XL,10.00,10.00,0.00,20240910,20240910,完納,NULL
6561,20240607,2024-06-07,IHSA,4524486109485,21SJ-14K ﾚｻﾞｰｼﾞｬｹｯﾄ  BK M 鳳凰,21SJ-14K,BK 鳳凰,M,10.00,10.00,0.00,20240910,20240910,完納,NULL
6561,20240607,2024-06-07,IHSA,4524486109492,21SJ-14K ﾚｻﾞｰｼﾞｬｹｯﾄ  BK L 鳳凰,21SJ-14K,BK 鳳凰,L,15.00,15.00,0.00,20240717,20240910,完納,NULL
6600,20240722,2024-07-22,IHSA,4524486097959,21SJ-14K ﾚｻﾞｰｼﾞｬｹｯﾄ BK 流水雪輪 LW,21SJ-14K,BK 流水,LW,4.00,4.00,0.00,20250205,20250205,完納,NULL
6600,20240722,2024-07-22,IHSA,4524486093685,21SJ-14K ﾚｻﾞｰｼﾞｬｹｯﾄ BK 流水雪輪 XL,21SJ-14K,BK 流水,XL,10.00,10.00,0.00,20250205,20250205,完納,NULL
6600,20240722,2024-07-22,IHSA,4524486094965,21SJ-14K ﾚｻﾞｰｼﾞｬｹｯﾄ BK 鉄流水雪輪 L,21SJ-14K,BK 鉄流,L,23.00,23.00,0.00,20241121,20241121,完納,NULL
6600,20240722,2024-07-22,IHSA,4524486097966,21SJ-14K ﾚｻﾞｰｼﾞｬｹｯﾄ BK 鉄流水雪輪 LW,21SJ-14K,BK 鉄流,LW,12.00,12.00,0.00,20241121,20241121,完納,NULL
6632,20240903,2024-09-03,IHSA,4524486093647,21SJ-14K ﾚｻﾞｰｼﾞｬｹｯﾄ BK 風神雷神BE L,21SJ-14K,BK-BE風,L,6.00,6.00,0.00,20241228,20250205,完納,NULL
6632,20240903,2024-09-03,IHSA,4524486103230,21SJ-14K ﾚｻﾞｰｼﾞｬｹｯﾄ BK M 雲龍,21SJ-14K,BK 雲龍,M,4.00,4.00,0.00,20250205,20250205,完納,NULL
6632,20240903,2024-09-03,IHSA,4524486106552,21SJ-14K ﾚｻﾞｰｼﾞｬｹｯﾄ RD XL 鉄流水雪輪,21SJ-14K,RD 鉄流,XL,9.00,9.00,0.00,20241228,20250205,完納,NULL
6655,20241004,2024-10-04,IHSA,4524486093692,21SJ-14K ﾚｻﾞｰｼﾞｬｹｯﾄ BK 桧垣桜 M,21SJ-14K,BK 桧垣,M,4.00,4.00,0.00,20250520,20250520,完納,NULL
6655,20241004,2024-10-04,IHSA,4524486109485,21SJ-14K ﾚｻﾞｰｼﾞｬｹｯﾄ  BK M 鳳凰,21SJ-14K,BK 鳳凰,M,8.00,8.00,0.00,20241228,20250205,完納,NULL
6655,20241004,2024-10-04,IHSA,4524486093678,21SJ-14K ﾚｻﾞｰｼﾞｬｹｯﾄ BK 流水雪輪 L,21SJ-14K,BK 流水,L,9.00,9.00,0.00,20250205,20250324,完納,NULL
6655,20241004,2024-10-04,IHSA,4524486109492,21SJ-14K ﾚｻﾞｰｼﾞｬｹｯﾄ  BK L 鳳凰,21SJ-14K,BK 鳳凰,L,5.00,5.00,0.00,20241228,20250205,完納,NULL
6655,20241004,2024-10-04,IHSA,4524486109508,21SJ-14K ﾚｻﾞｰｼﾞｬｹｯﾄ  BK XL 鳳凰,21SJ-14K,BK 鳳凰,XL,8.00,8.00,0.00,20241228,20250205,完納,NULL
6705,20241112,2024-11-12,IHSA,4524486093708,21SJ-14K ﾚｻﾞｰｼﾞｬｹｯﾄ BK 桧垣桜 L,21SJ-14K,BK 桧垣,L,3.00,3.00,0.00,20250324,20250324,完納,NULL
6705,20241112,2024-11-12,IHSA,4524486109492,21SJ-14K ﾚｻﾞｰｼﾞｬｹｯﾄ  BK L 鳳凰,21SJ-14K,BK 鳳凰,L,20.00,20.00,0.00,20250325,20250715,完納,NULL
6705,20241112,2024-11-12,IHSA,4524486109508,21SJ-14K ﾚｻﾞｰｼﾞｬｹｯﾄ  BK XL 鳳凰,21SJ-14K,BK 鳳凰,XL,14.00,14.00,0.00,20250325,20250520,完納,NULL
6705,20241112,2024-11-12,IHSA,4524486109485,21SJ-14K ﾚｻﾞｰｼﾞｬｹｯﾄ  BK M 鳳凰,21SJ-14K,BK 鳳凰,M,8.00,8.00,0.00,20250325,20250715,完納,NULL
6705,20241112,2024-11-12,IHSA,4524486093692,21SJ-14K ﾚｻﾞｰｼﾞｬｹｯﾄ BK 桧垣桜 M,21SJ-14K,BK 桧垣,M,8.00,8.00,0.00,20250715,20250715,完納,NULL
6705,20241112,2024-11-12,IHSA,4524486097973,21SJ-14K ﾚｻﾞｰｼﾞｬｹｯﾄ BK 桧垣桜 LW,21SJ-14K,BK 桧垣,LW,10.00,10.00,0.00,20250715,20250715,完納,NULL
6738,20241204,2024-12-04,IHSA,4524486109485,21SJ-14K ﾚｻﾞｰｼﾞｬｹｯﾄ  BK M 鳳凰,21SJ-14K,BK 鳳凰,M,12.00,12.00,0.00,20250715,20250715,完納,NULL
6738,20241204,2024-12-04,IHSA,4524486093661,21SJ-14K ﾚｻﾞｰｼﾞｬｹｯﾄ BK M 流水雪輪,21SJ-14K,BK 流水,M,20.00,20.00,0.00,20250520,20250715,完納,NULL
6738,20241204,2024-12-04,IHSA,4524486093678,21SJ-14K ﾚｻﾞｰｼﾞｬｹｯﾄ BK L 流水雪輪,21SJ-14K,BK 流水,L,30.00,30.00,0.00,20250520,20250826,完納,NULL
6738,20241204,2024-12-04,IHSA,4524486093708,21SJ-14K ﾚｻﾞｰｼﾞｬｹｯﾄ BK L 桧垣桜,21SJ-14K,BK 桧垣,L,27.00,27.00,0.00,20250520,20250826,完納,NULL
6738,20241204,2024-12-04,IHSA,4524486097959,21SJ-14K ﾚｻﾞｰｼﾞｬｹｯﾄ BK 流水雪輪 LW,21SJ-14K,BK 流水,LW,5.00,5.00,0.00,20250715,20250715,完納,NULL
6738,20241204,2024-12-04,IHSA,4524486106545,21SJ-14K ﾚｻﾞｰｼﾞｬｹｯﾄ RD L 鉄流水雪輪,21SJ-14K,RD 鉄流,L,8.00,8.00,0.00,20250205,20250324,完納,NULL
6738,20241204,2024-12-04,IHSA,4524486106552,21SJ-14K ﾚｻﾞｰｼﾞｬｹｯﾄ RD XL 鉄流水雪輪,21SJ-14K,RD 鉄流,XL,6.00,6.00,0.00,20250205,20250205,完納,NULL
6738,20241204,2024-12-04,IHSA,4524486109492,21SJ-14K ﾚｻﾞｰｼﾞｬｹｯﾄ  BK L 鳳凰,21SJ-14K,BK 鳳凰,L,13.00,13.00,0.00,20250715,20250715,完納,NULL
6738,20241204,2024-12-04,IHSA,4524486109508,21SJ-14K ﾚｻﾞｰｼﾞｬｹｯﾄ  BK XL 鳳凰,21SJ-14K,BK 鳳凰,XL,10.00,10.00,0.00,20250520,20250715,完納,NULL
6738,20241204,2024-12-04,IHSA,4524486109522,21SJ-14K ﾚｻﾞｰｼﾞｬｹｯﾄ  BK XLW 流水雪輪,21SJ-14K,BK 流水,XLW,10.00,10.00,0.00,20250520,20250520,完納,NULL
6769,20250107,2025-01-07,IHSA,4524486094965,21SJ-14K ﾚｻﾞｰｼﾞｬｹｯﾄ BK L 鉄流水雪輪,21SJ-14K,BK 鉄流,L,20.00,20.00,0.00,20250520,20250826,完納,NULL
6769,20250107,2025-01-07,IHSA,4524486094972,21SJ-14K ﾚｻﾞｰｼﾞｬｹｯﾄ BK XL 鉄流水雪輪,21SJ-14K,BK 鉄流,XL,20.00,20.00,0.00,20250520,20260331,完納,NULL
6769,20250107,2025-01-07,IHSA,4524486111495,21SJ-14K ﾚｻﾞｰｼﾞｬｹｯﾄ BK L 輝龍,21SJ-14K,BK 輝龍,L,5.00,5.00,0.00,20250205,20250205,完納,NULL
6769,20250107,2025-01-07,IHSA,4524486111501,21SJ-14K ﾚｻﾞｰｼﾞｬｹｯﾄ BK XL 輝龍,21SJ-14K,BK 輝龍,XL,5.00,5.00,0.00,20250205,20250205,完納,NULL
6769,20250107,2025-01-07,IHSA,4524486094958,21SJ-14K ﾚｻﾞｰｼﾞｬｹｯﾄ BK M 鉄流水雪輪,21SJ-14K,BK 鉄流,M,10.00,10.00,0.00,20250520,20250715,完納,NULL
6769,20250107,2025-01-07,IHSA,4524486109515,21SJ-14K ﾚｻﾞｰｼﾞｬｹｯﾄ BK XLW 桧垣桜,21SJ-14K,BK 桧垣,XLW,14.00,14.00,0.00,20250520,20250715,完納,NULL
6769,20250107,2025-01-07,IHSA,4524486111488,21SJ-14K ﾚｻﾞｰｼﾞｬｹｯﾄ BK M 輝龍,21SJ-14K,BK 輝龍,M,4.00,4.00,0.00,20250205,20250205,完納,NULL
6806,20250203,2025-02-03,IHSA,4524486093647,21SJ-14K ﾚｻﾞｰｼﾞｬｹｯﾄ BK L 風神雷神BE,21SJ-14K,BK-BE風,L,11.00,11.00,0.00,20250324,20250826,完納,NULL
6806,20250203,2025-02-03,IHSA,4524486109485,21SJ-14K ﾚｻﾞｰｼﾞｬｹｯﾄ BK M 鳳凰,21SJ-14K,BK 鳳凰,M,7.00,7.00,0.00,20260128,20260128,完納,NULL
6806,20250203,2025-02-03,IHSA,4524486093678,21SJ-14K ﾚｻﾞｰｼﾞｬｹｯﾄ BK L 流水雪輪,21SJ-14K,BK 流水,L,40.00,40.00,0.00,20251022,20251201,完納,NULL
6806,20250203,2025-02-03,IHSA,4524486093685,21SJ-14K ﾚｻﾞｰｼﾞｬｹｯﾄ BK XL 流水雪輪,21SJ-14K,BK 流水,XL,15.00,15.00,0.00,20250826,20251022,完納,NULL
6806,20250203,2025-02-03,IHSA,4524486106545,21SJ-14K ﾚｻﾞｰｼﾞｬｹｯﾄ RD L 鉄流水雪輪,21SJ-14K,RD 鉄流,L,20.00,20.00,0.00,20250520,20250826,完納,NULL
6806,20250203,2025-02-03,IHSA,4524486106552,21SJ-14K ﾚｻﾞｰｼﾞｬｹｯﾄ RD XL 鉄流水雪輪,21SJ-14K,RD 鉄流,XL,12.00,12.00,0.00,20250520,20250826,完納,NULL
6806,20250203,2025-02-03,IHSA,4524486109508,21SJ-14K ﾚｻﾞｰｼﾞｬｹｯﾄ BK XL 鳳凰,21SJ-14K,BK 鳳凰,XL,30.00,30.00,0.00,20260128,20260128,完納,NULL
6806,20250203,2025-02-03,IHSA,4524486093630,21SJ-14K ﾚｻﾞｰｼﾞｬｹｯﾄ BK M 風神雷神BE,21SJ-14K,BK-BE風,M,3.00,3.00,0.00,20250520,20250520,完納,NULL
6806,20250203,2025-02-03,IHSA,4524486103247,21SJ-14K ﾚｻﾞｰｼﾞｬｹｯﾄ BK L 雲龍,21SJ-14K,BK 雲龍,L,10.00,10.00,0.00,20250520,20250715,完納,NULL
6806,20250203,2025-02-03,IHSA,4524486093661,21SJ-14K ﾚｻﾞｰｼﾞｬｹｯﾄ BK M 流水雪輪,21SJ-14K,BK 流水,M,10.00,10.00,0.00,20251022,20251022,完納,NULL
6806,20250203,2025-02-03,IHSA,4524486103254,21SJ-14K ﾚｻﾞｰｼﾞｬｹｯﾄ BK XL 雲龍,21SJ-14K,BK 雲龍,XL,4.00,4.00,0.00,20250715,20250715,完納,NULL
6806,20250203,2025-02-03,IHSA,4524486106538,21SJ-14K ﾚｻﾞｰｼﾞｬｹｯﾄ RD M 鉄流水雪輪,21SJ-14K,RD 鉄流,M,3.00,3.00,0.00,20250520,20250520,完納,NULL
6806,20250203,2025-02-03,IHSA,4524486109522,21SJ-14K ﾚｻﾞｰｼﾞｬｹｯﾄ BK XLW 流水雪輪,21SJ-14K,BK 流水,XLW,20.00,20.00,0.00,20250826,20260331,完納,NULL
6842,20250304,2025-03-04,IHSA,4524486093661,21SJ-14K ﾚｻﾞｰｼﾞｬｹｯﾄ BK M 流水雪輪,21SJ-14K,BK 流水,M,10.00,10.00,0.00,20251201,20260128,完納,NULL
6842,20250304,2025-03-04,IHSA,4524486097959,21SJ-14K ﾚｻﾞｰｼﾞｬｹｯﾄ BK LW 流水雪輪,21SJ-14K,BK 流水,LW,3.00,3.00,0.00,20251022,20251022,完納,NULL
6842,20250304,2025-03-04,IHSA,4524486097973,21SJ-14K ﾚｻﾞｰｼﾞｬｹｯﾄ BK LW 桧垣桜,21SJ-14K,BK 桧垣,LW,3.00,3.00,0.00,20250520,20250520,完納,NULL
6842,20250304,2025-03-04,IHSA,4524486103247,21SJ-14K ﾚｻﾞｰｼﾞｬｹｯﾄ BK L 雲龍,21SJ-14K,BK 雲龍,L,16.00,16.00,0.00,20251022,20260331,完納,NULL
6842,20250304,2025-03-04,IHSA,4524486111495,21SJ-14K ﾚｻﾞｰｼﾞｬｹｯﾄ BK L 輝龍,21SJ-14K,BK 輝龍,L,9.00,9.00,0.00,20250715,20250715,完納,NULL
6842,20250304,2025-03-04,IHSA,4524486093692,21SJ-14K ﾚｻﾞｰｼﾞｬｹｯﾄ BK M 桧垣桜,21SJ-14K,BK 桧垣,M,6.00,6.00,0.00,20251022,20251022,完納,NULL
6842,20250304,2025-03-04,IHSA,4524486111488,21SJ-14K ﾚｻﾞｰｼﾞｬｹｯﾄ BK M 輝龍,21SJ-14K,BK 輝龍,M,5.00,5.00,0.00,20250715,20250715,完納,NULL
6842,20250304,2025-03-04,IHSA,4524486093678,21SJ-14K ﾚｻﾞｰｼﾞｬｹｯﾄ BK L 流水雪輪,21SJ-14K,BK 流水,L,4.00,4.00,0.00,20260331,20260331,完納,NULL
6842,20250304,2025-03-04,IHSA,4524486093685,21SJ-14K ﾚｻﾞｰｼﾞｬｹｯﾄ BK XL 流水雪輪,21SJ-14K,BK 流水,XL,12.00,12.00,0.00,20251022,20260331,完納,NULL
6842,20250304,2025-03-04,IHSA,4524486103230,21SJ-14K ﾚｻﾞｰｼﾞｬｹｯﾄ BK M 雲龍,21SJ-14K,BK 雲龍,M,5.00,5.00,0.00,20251022,20251022,完納,NULL
6842,20250304,2025-03-04,IHSA,4524486111501,21SJ-14K ﾚｻﾞｰｼﾞｬｹｯﾄ BK XL 輝龍,21SJ-14K,BK 輝龍,XL,7.00,7.00,0.00,20250715,20250715,完納,NULL
6842,20250304,2025-03-04,IHSA,4524486093708,21SJ-14K ﾚｻﾞｰｼﾞｬｹｯﾄ BK L 桧垣桜,21SJ-14K,BK 桧垣,L,36.00,36.00,0.00,20251022,20260331,完納,NULL
6842,20250304,2025-03-04,IHSA,4524486093715,21SJ-14K ﾚｻﾞｰｼﾞｬｹｯﾄ BK XL 桧垣桜,21SJ-14K,BK 桧垣,XL,5.00,5.00,0.00,20251022,20251022,完納,NULL
6842,20250304,2025-03-04,IHSA,4524486109508,21SJ-14K ﾚｻﾞｰｼﾞｬｹｯﾄ BK XL 鳳凰,21SJ-14K,BK 鳳凰,XL,14.00,14.00,0.00,20260331,20260331,完納,NULL
6906,20250408,2025-04-08,IHSA,4524486094958,21SJ-14K ﾚｻﾞｰｼﾞｬｹｯﾄ BK M 鉄流水雪輪,21SJ-14K,BK 鉄流,M,5.00,5.00,0.00,20250715,20250826,完納,NULL
6906,20250408,2025-04-08,IHSA,4524486097966,21SJ-14K ﾚｻﾞｰｼﾞｬｹｯﾄ BK LW 鉄流水雪輪,21SJ-14K,BK 鉄流,LW,3.00,3.00,0.00,20251022,20251022,完納,NULL
6906,20250408,2025-04-08,IHSA,4524486103230,21SJ-14K ﾚｻﾞｰｼﾞｬｹｯﾄ BK M 雲龍,21SJ-14K,BK 雲龍,M,3.00,3.00,0.00,20260128,20260331,完納,NULL
6906,20250408,2025-04-08,IHSA,4524486093685,21SJ-14K ﾚｻﾞｰｼﾞｬｹｯﾄ BK XL 流水雪輪,21SJ-14K,BK 流水,XL,15.00,15.00,0.00,20260331,20260331,完納,NULL
6906,20250408,2025-04-08,IHSA,4524486093708,21SJ-14K ﾚｻﾞｰｼﾞｬｹｯﾄ BK L 桧垣桜,21SJ-14K,BK 桧垣,L,20.00,20.00,0.00,20260331,20260331,完納,NULL
6906,20250408,2025-04-08,IHSA,4524486097959,21SJ-14K ﾚｻﾞｰｼﾞｬｹｯﾄ BK LW 流水雪輪,21SJ-14K,BK 流水,LW,10.00,10.00,0.00,20251022,20260331,完納,NULL
6906,20250408,2025-04-08,IHSA,4524486106545,21SJ-14K ﾚｻﾞｰｼﾞｬｹｯﾄ RD L 鉄流水雪輪,21SJ-14K,RD 鉄流,L,7.00,7.00,0.00,20251022,20251201,完納,NULL
6906,20250408,2025-04-08,IHSA,4524486106552,21SJ-14K ﾚｻﾞｰｼﾞｬｹｯﾄ RD XL 鉄流水雪輪,21SJ-14K,RD 鉄流,XL,16.00,16.00,0.00,20251022,20251201,完納,NULL
6906,20250408,2025-04-08,IHSA,4524486093715,21SJ-14K ﾚｻﾞｰｼﾞｬｹｯﾄ BK XL 桧垣桜,21SJ-14K,BK 桧垣,XL,11.00,11.00,0.00,20251022,20260331,完納,NULL
6906,20250408,2025-04-08,IHSA,4524486094965,21SJ-14K ﾚｻﾞｰｼﾞｬｹｯﾄ BK L 鉄流水雪輪,21SJ-14K,BK 鉄流,L,20.00,20.00,0.00,20250826,20260331,完納,NULL
6906,20250408,2025-04-08,IHSA,4524486093661,21SJ-14K ﾚｻﾞｰｼﾞｬｹｯﾄ BK M 流水雪輪,21SJ-14K,BK 流水,M,10.00,10.00,0.00,20260128,20260128,完納,NULL
6906,20250408,2025-04-08,IHSA,4524486093692,21SJ-14K ﾚｻﾞｰｼﾞｬｹｯﾄ BK M 桧垣桜,21SJ-14K,BK 桧垣,M,21.00,21.00,0.00,20251022,20260331,完納,NULL
6906,20250408,2025-04-08,IHSA,4524486106538,21SJ-14K ﾚｻﾞｰｼﾞｬｹｯﾄ RD M 鉄流水雪輪,21SJ-14K,RD 鉄流,M,5.00,5.00,0.00,20251201,20251201,完納,NULL
6906,20250408,2025-04-08,IHSA,4524486109515,21SJ-14K ﾚｻﾞｰｼﾞｬｹｯﾄ BK XLW 桧垣桜,21SJ-14K,BK 桧垣,XLW,5.00,5.00,0.00,20251022,20251022,完納,NULL
6961,20250508,2025-05-08,IHSA,4524486111488,21SJ-14K ﾚｻﾞｰｼﾞｬｹｯﾄ BK M 輝龍,21SJ-14K,BK 輝龍,M,7.00,7.00,0.00,20250826,20250826,完納,NULL
6961,20250508,2025-05-08,IHSA,4524486113499,21SJ-14K ﾚｻﾞｰｼﾞｬｹｯﾄ BK S 流水雪輪,21SJ-14K,BK 流水,S,10.00,10.00,0.00,20251022,20251201,完納,NULL
6961,20250508,2025-05-08,IHSA,4524486113505,21SJ-14K ﾚｻﾞｰｼﾞｬｹｯﾄ BK S 桧垣桜,21SJ-14K,BK 桧垣,S,10.00,10.00,0.00,20251022,20251201,完納,NULL
6961,20250508,2025-05-08,IHSA,4524486106552,21SJ-14K ﾚｻﾞｰｼﾞｬｹｯﾄ RD XL 鉄流水雪輪,21SJ-14K,RD 鉄流,XL,3.00,3.00,0.00,20260331,20260331,完納,NULL
6961,20250508,2025-05-08,IHSA,4524486111501,21SJ-14K ﾚｻﾞｰｼﾞｬｹｯﾄ BK XL 輝龍,21SJ-14K,BK 輝龍,XL,7.00,7.00,0.00,20250826,20250826,完納,NULL
6961,20250508,2025-05-08,IHSA,4524486111495,21SJ-14K ﾚｻﾞｰｼﾞｬｹｯﾄ BK L 輝龍,21SJ-14K,BK 輝龍,L,14.00,14.00,0.00,20250826,20250826,完納,NULL
6961,20250508,2025-05-08,IHSA,4524486106545,21SJ-14K ﾚｻﾞｰｼﾞｬｹｯﾄ RD L 鉄流水雪輪,21SJ-14K,RD 鉄流,L,4.00,4.00,0.00,20260331,20260331,完納,NULL
7001,20250602,2025-06-02,IHSA,4524486093630,21SJ-14K ﾚｻﾞｰｼﾞｬｹｯﾄ BK M 風神雷神BE,21SJ-14K,BK-BE風,M,8.00,8.00,0.00,20260128,20260331,完納,NULL
7091,20250801,2025-08-01,IHSA,4524486093715,21SJ-14K ﾚｻﾞｰｼﾞｬｹｯﾄ BK XL 桧垣桜,21SJ-14K,BK 桧垣,XL,14.00,14.00,0.00,20260331,20260331,完納,NULL
7091,20250801,2025-08-01,IHSA,4524486106552,21SJ-14K ﾚｻﾞｰｼﾞｬｹｯﾄ RD XL 鉄流水雪輪,21SJ-14K,RD 鉄流,XL,7.00,7.00,0.00,20260331,20260331,完納,NULL
6738,20241204,2024-12-04,IHSA,4524486093692,21SJ-14K ﾚｻﾞｰｼﾞｬｹｯﾄ BK M 桧垣桜,21SJ-14K,BK 桧垣,M,24.00,25.00,-1.00,20250520,20250826,過入荷(要確認),NULL
6655,20241004,2024-10-04,IHSA,4524486093685,21SJ-14K ﾚｻﾞｰｼﾞｬｹｯﾄ BK XL 流水雪輪,21SJ-14K,BK 流水,XL,2.00,4.00,-2.00,20250324,20250520,過入荷(要確認),NULL
6655,20241004,2024-10-04,IHSA,4524486093685,21SJ-14K ﾚｻﾞｰｼﾞｬｹｯﾄ BK 流水雪輪 XL,21SJ-14K,BK 流水,XL,2.00,4.00,-2.00,20250324,20250520,過入荷(要確認),NULL
6655,20241004,2024-10-04,IHSA,4524486093715,21SJ-14K ﾚｻﾞｰｼﾞｬｹｯﾄ BK 桧垣桜 XL,21SJ-14K,BK 桧垣,XL,7.00,10.00,-3.00,20250324,20250715,過入荷(要確認),NULL
6655,20241004,2024-10-04,IHSA,4524486093715,21SJ-14K ﾚｻﾞｰｼﾞｬｹｯﾄ BK XL 桧垣桜,21SJ-14K,BK 桧垣,XL,3.00,10.00,-7.00,20250324,20250715,過入荷(要確認),NULL
6738,20241204,2024-12-04,IHSA,4524486094972,21SJ-14K ﾚｻﾞｰｼﾞｬｹｯﾄ BK XL 鉄流水雪輪,21SJ-14K,BK 鉄流,XL,7.00,14.00,-7.00,20250520,20250715,過入荷(要確認),NULL
6738,20241204,2024-12-04,IHSA,4524486094972,21SJ-14K ﾚｻﾞｰｼﾞｬｹｯﾄ BK 鉄流水雪輪 XL,21SJ-14K,BK 鉄流,XL,7.00,14.00,-7.00,20250520,20250715,過入荷(要確認),NULL
6738,20241204,2024-12-04,IHSA,4524486093685,21SJ-14K ﾚｻﾞｰｼﾞｬｹｯﾄ BK XL 流水雪輪,21SJ-14K,BK 流水,XL,13.00,20.00,-7.00,20250520,20250826,過入荷(要確認),NULL
6738,20241204,2024-12-04,IHSA,4524486093715,21SJ-14K ﾚｻﾞｰｼﾞｬｹｯﾄ BK XL 桧垣桜,21SJ-14K,BK 桧垣,XL,11.00,19.00,-8.00,20250715,20250826,過入荷(要確認),NULL
6738,20241204,2024-12-04,IHSA,4524486093715,21SJ-14K ﾚｻﾞｰｼﾞｬｹｯﾄ BK 桧垣桜 XL,21SJ-14K,BK 桧垣,XL,8.00,19.00,-11.00,20250715,20250826,過入荷(要確認),NULL
6738,20241204,2024-12-04,IHSA,4524486093685,21SJ-14K ﾚｻﾞｰｼﾞｬｹｯﾄ BK 流水雪輪 XL,21SJ-14K,BK 流水,XL,7.00,20.00,-13.00,20250520,20250826,過入荷(要確認),NULL
6738,20241204,2024-12-04,IHSA,4524486093692,21SJ-14K ﾚｻﾞｰｼﾞｬｹｯﾄ BK 桧垣桜 M,21SJ-14K,BK 桧垣,M,1.00,25.00,-24.00,20250520,20250826,過入荷(要確認),NULL
