0000000600015,ﾒﾝﾃ　21SJ-14K　ﾎﾟｹｯﾄ部ほつれ,ﾒﾝﾃﾅﾝｽ,,
0000000600015,ﾒﾝﾃﾅﾝｽ　21SJ-14K　ｳﾗｼﾞほつれ,ﾒﾝﾃﾅﾝｽ,,
0000000600015,持ち込み　21SJ-14K　腕周りツメ,ﾒﾝﾃﾅﾝｽ,,
0000000600015,背ﾊﾟｯﾄﾞ袋 取付け （21SJ-14K仕様）,ﾒﾝﾃﾅﾝｽ,,
0000000600084,洛ﾚｲ銅入2-7988-T-2 (21SJ-14K龍新柄),,,
0000000900003,21SJ-14K ﾚｻﾞｰｼﾞｬｹｯﾄ RD L 鉄流水雪輪,用品,,
0000000900003,21SJ-14K ﾚｻﾞｰｼﾞｬｹｯﾄ BK L 桧垣桜,用品,,
0000000900003,21SJ-14K 桧垣 M,用品,,
0000000900003,21SJ-14K　POP,用品,,
0000000900003,21SJ-14K 桧垣 BK XLサイズ,用品,,
0000000900003,21SJ-14K ﾚｻﾞｰｼﾞｬｹｯﾄ EVA初号機京桜 L,用品,,
0000000900003,21SJ-14K 桧垣桜/XL,用品,,
0000000900003,21SJ-14K サンプル　L,用品,,
0000000900003,KAZAN WAPPEN 21SJ-14K用 RED,用品,,
0000000900003,21SJ-14K　金襴サンプル,用品,,
0000000900003,21SJ-14K用胸プロテクター(左右セット),用品,,
0000000900003,21SJ-14K　革色WT変更　桧垣桜　S,用品,,
0000000900003,21SJ-14K用台紙,用品,,
0000000900003,21SJ-14K用　胸プロテクター,用品,,
0000000900003,B品 21SJ-14K　桧垣BK　L,用品,,
0000000900003,21SJ-14K　鳳凰ﾊﾝｶﾞｰPOP,用品,,
0000000900003,KAZAN Wappen 21SJ-14K用 BK,用品,,
0000000900003,21SJ-14K用ﾌﾟﾛﾃｸﾀｰ,用品,,
0000000900003,KAZANﾜｯﾍﾟﾝ21SJ-14K用 RD,用品,,
0000000900003,21SJ-14K　流水雪輪　BK　XLW,用品,,
0000000900003,B品 21SJ-14K RD 鉄流水 XL,用品,,
0000000900003,B品 21SJ-14K 流水雪輪 XL,用品,,
0000000900003,KAZAN WAPPEN 21SJ-14K用 Black,用品,,
0000000900003,SHOPA 21SJ-14K ﾚｻﾞｰｼﾞｬｹｯﾄ RD L 雲龍,用品,,
0000000999999,21SJ-14K 鉄流水雪輪/L,,,
0000000999999,2/10　21SJ-14Kキャンセルに伴う送料,,,
0000000999999,21SJ-14K ﾚｻﾞｰｼﾞｬｹｯﾄ BK LW 鉄流水雪輪,,,
0000000999999,21SJ-14K　桧垣桜,,,
0000000999999,21SJ-14K 流水 BK/XL,,,
0000000999999,2/14　21SJ-14Kキャンセルに伴う送料,,,
0000000999999,21SJ-14K ﾚｻﾞｰｼﾞｬｹｯﾄ 鳳凰BK/M,,,
0000000999999,21SJ-14K/鉄流水雪輪/XL,,,
0000000999999,21SJ-14K流水BK/XLWからXLへ交換,,,
0000000999999,21SJ-14K ﾚｻﾞｰｼﾞｬｹｯﾄ BK L 雲龍,,,
0000000999999,21SJ-14K　桧垣桜  M*4 L*6 LW*1 XL*1,,,
0000000999999,21SJ-14K風神雷神用,,,
0000000999999,21SJ-14K増産用金襴,,,
0000000999999,21SJ-14K　流水　BK/XL　ﾒﾝﾃﾅﾝｽ商品,,,
21sj14keval,21SJ-14K ﾚｻﾞｰｼﾞｬｹｯﾄ L EVA初号機京桜,21SJ-14K,L,BK
21sj14keval,21SJ-14K ﾚｻﾞｰｼﾞｬｹｯﾄ EVA初号機京桜 L,21SJ-14K,L,EVA BK
21sj14kevam,21SJ-14K ﾚｻﾞｰｼﾞｬｹｯﾄ EVA初号機京桜 M,21SJ-14K,M,EVA BK
21sj14kevam,21SJ-14K ﾚｻﾞｰｼﾞｬｹｯﾄ M EVA初号機京桜,21SJ-14K,M,BK
21sj14kevas,21SJ-14K ﾚｻﾞｰｼﾞｬｹｯﾄ S EVA初号機京桜,21SJ-14K,S,BK
21sj14kevas,21SJ-14K ﾚｻﾞｰｼﾞｬｹｯﾄ EVA初号機京桜 S,21SJ-14K,S,EVA BK
21sj14kevaxl,21SJ-14K ﾚｻﾞｰｼﾞｬｹｯﾄ XL EVA初号機京桜,21SJ-14K,XL,BK
21sj14kevaxl,21SJ-14K ﾚｻﾞｰｼﾞｬｹｯﾄ EVA初号機京桜 XL,21SJ-14K,XL,EVA BK
4524486093609,21SJ-14K ﾚｻﾞｰｼﾞｬｹｯﾄ BK M 風神雷神BK,21SJ-14K,M,BK-BK風
4524486093609,21SJ-14K ﾚｻﾞｰｼﾞｬｹｯﾄ BK 風神雷神BK M,21SJ-14K,M,風BK/BK
4524486093609,21SJ-14K ﾚｻﾞｰｼﾞｬｹｯﾄ BK 風神雷神BK M,21SJ-14K 風神雷神,M,BK/BK
4524486093616,21SJ-14K ﾚｻﾞｰｼﾞｬｹｯﾄ BK L 風神雷神BK,21SJ-14K,L,BK-BK風
4524486093616,21SJ-14K ﾚｻﾞｰｼﾞｬｹｯﾄ BK 風神雷神BK L,21SJ-14K 風神雷神,L,BK/BK
4524486093623,21SJ-14K ﾚｻﾞｰｼﾞｬｹｯﾄ BK XL 風神雷神BK,21SJ-14K,XL,BK-BK風
4524486093623,21SJ-14K ﾚｻﾞｰｼﾞｬｹｯﾄ BK 風神雷神BK XL,21SJ-14K,XL,風BK/BK
4524486093623,21SJ-14K ﾚｻﾞｰｼﾞｬｹｯﾄ BK 風神雷神BK XL,21SJ-14K 風神雷神,XL,BK/BK
4524486093630,21SJ-14K ﾚｻﾞｰｼﾞｬｹｯﾄ BK 風神雷神BE M,21SJ-14K,M,BK-BE風
4524486093630,21SJ-14K ﾚｻﾞｰｼﾞｬｹｯﾄ BK 風神雷神BE M,21SJ-14K 風神雷神,M,BK/BE
4524486093630,21SJ-14K ﾚｻﾞｰｼﾞｬｹｯﾄ BK M 風神雷神BE,21SJ-14K,M,BK-BE風
4524486093630,21SJ-14K ﾚｻﾞｰｼﾞｬｹｯﾄ BK 風神雷神BE M,21SJ-14K,M,風BK/BE
4524486093647,21SJ-14K ﾚｻﾞｰｼﾞｬｹｯﾄ BK 風神雷神BE L,21SJ-14K,L,風BK/BE
4524486093647,21SJ-14K ﾚｻﾞｰｼﾞｬｹｯﾄ BK L 風神雷神BE,21SJ-14K,L,BK-BE風
4524486093647,21SJ-14K ﾚｻﾞｰｼﾞｬｹｯﾄ BK 風神雷神BE L,21SJ-14K,L,BK-BE風
4524486093647,21SJ-14K ﾚｻﾞｰｼﾞｬｹｯﾄ BK 風神雷神BE L,21SJ-14K 風神雷神,L,BK/BE
4524486093654,21SJ-14K ﾚｻﾞｰｼﾞｬｹｯﾄ BK XL 風神雷神BE,21SJ-14K,XL,BK-BE風
4524486093654,21SJ-14K ﾚｻﾞｰｼﾞｬｹｯﾄ BK 風神雷神BE XL,21SJ-14K 風神雷神,XL,BK/BE
4524486093654,21SJ-14K ﾚｻﾞｰｼﾞｬｹｯﾄ BK 風神雷神BE XL,21SJ-14K,XL,風BK/BE
4524486093654,21SJ-14K ﾚｻﾞｰｼﾞｬｹｯﾄ BK 風神雷神BE XL,21SJ-14K,XL,BK-BE風
4524486093661,21SJ-14K ﾚｻﾞｰｼﾞｬｹｯﾄ BK M 流水雪輪,21SJ-14K,M,BK 流水
4524486093661,21SJ-14K ﾚｻﾞｰｼﾞｬｹｯﾄ BK 流水雪輪 M,21SJ-14K 流水雪輪,M,BK
4524486093661,21SJ-14K ﾚｻﾞｰｼﾞｬｹｯﾄ BK 流水雪輪 M,21SJ-14K,M,BK 流水
4524486093661,21SJ-14K ﾚｻﾞｰｼﾞｬｹｯﾄ BK 流水雪輪 M,21SJ-14K,M,流水 BK
4524486093678,21SJ-14K ﾚｻﾞｰｼﾞｬｹｯﾄ BK L 流水雪輪,21SJ-14K,L,BK 流水
4524486093678,21SJ-14K ﾚｻﾞｰｼﾞｬｹｯﾄ BK/流水雪輪 L,21SJ-14K,L,BK 流水
4524486093678,21SJ-14K ﾚｻﾞｰｼﾞｬｹｯﾄ BK 流水雪輪 L,21SJ-14K,L,流水 BK
4524486093678,21SJ-14K ﾚｻﾞｰｼﾞｬｹｯﾄ BK 流水雪輪 L,21SJ-14K,L,BK 流水
4524486093678,21SJ-14K ﾚｻﾞｰｼﾞｬｹｯﾄ BK 流水雪輪 L,21SJ-14K 流水雪輪,L,BK
4524486093685,21SJ-14K ﾚｻﾞｰｼﾞｬｹｯﾄ BK 流水雪輪 XL,21SJ-14K,XL,流水 BK
4524486093685,21SJ-14K ﾚｻﾞｰｼﾞｬｹｯﾄ BK 流水雪輪 XL,21SJ-14K,XL,BK 流水
4524486093685,21SJ-14K ﾚｻﾞｰｼﾞｬｹｯﾄ BK 流水雪輪 XL,21SJ-14K 流水雪輪,XL,BK
4524486093685,21SJ-14K ﾚｻﾞｰｼﾞｬｹｯﾄ BK XL 流水雪輪,21SJ-14K,XL,BK 流水
4524486093692,21SJ-14K ﾚｻﾞｰｼﾞｬｹｯﾄ BK 桧垣桜 M,21SJ-14K,M,BK 桧垣
4524486093692,21SJ-14K ﾚｻﾞｰｼﾞｬｹｯﾄ BK M 桧垣桜,21SJ-14K,M,BK 桧垣
4524486093692,21SJ-14K ﾚｻﾞｰｼﾞｬｹｯﾄ BK 桧垣桜 M,21SJ-14K,M,桧垣 BK
4524486093692,21SJ-14K ﾚｻﾞｰｼﾞｬｹｯﾄ BK 桧垣桜 M,21SJ-14K 桧垣桜,M,BK
4524486093708,21SJ-14K ﾚｻﾞｰｼﾞｬｹｯﾄ BK L 桧垣桜,21SJ-14K,L,BK 桧垣
4524486093708,21SJ-14K ﾚｻﾞｰｼﾞｬｹｯﾄ BK 桧垣桜 L,21SJ-14K,L,BK 桧垣
4524486093708,21SJ-14K ﾚｻﾞｰｼﾞｬｹｯﾄ BK 桧垣桜 L,21SJ-14K,L,桧垣 BK
4524486093708,21SJ-14K ﾚｻﾞｰｼﾞｬｹｯﾄ BK 桧垣桜 L,21SJ-14K 桧垣桜,L,BK
4524486093715,21SJ-14K ﾚｻﾞｰｼﾞｬｹｯﾄ BK XL 桧垣桜,21SJ-14K,XL,BK 桧垣
4524486093715,21SJ-14K ﾚｻﾞｰｼﾞｬｹｯﾄ BK 桧垣桜 XL,21SJ-14K,XL,BK 桧垣
4524486093715,21SJ-14K ﾚｻﾞｰｼﾞｬｹｯﾄ BK 桧垣桜 XL,21SJ-14K,XL,桧垣 BK
4524486093715,21SJ-14K ﾚｻﾞｰｼﾞｬｹｯﾄ BK 桧垣桜 XL,21SJ-14K 桧垣桜,XL,BK
4524486094927,21SJ-14K ﾚｻﾞｰｼﾞｬｹｯﾄ BK 松 M,21SJ-14K,M,BK 松
4524486094927,21SJ-14K ﾚｻﾞｰｼﾞｬｹｯﾄ BK 松 M,21SJ-14K,M,松 BK
4524486094927,21SJ-14K ﾚｻﾞｰｼﾞｬｹｯﾄ BK 松 M,21SJ-14K 松,M,BK
4524486094934,21SJ-14K ﾚｻﾞｰｼﾞｬｹｯﾄ BK 松 L,21SJ-14K,L,松 BK
4524486094934,21SJ-14K ﾚｻﾞｰｼﾞｬｹｯﾄ BK 松 L,21SJ-14K,L,BK 松
4524486094934,21SJ-14K ﾚｻﾞｰｼﾞｬｹｯﾄ BK 松 L,21SJ-14K 松,L,BK
4524486094941,21SJ-14K ﾚｻﾞｰｼﾞｬｹｯﾄ BK 松 XL,21SJ-14K,XL,松 BK
4524486094941,21SJ-14K ﾚｻﾞｰｼﾞｬｹｯﾄ BK 松 XL,21SJ-14K,XL,BK 松
4524486094941,21SJ-14K ﾚｻﾞｰｼﾞｬｹｯﾄ BK 松 XL,21SJ-14K 松,XL,BK
4524486094958,21SJ-14K ﾚｻﾞｰｼﾞｬｹｯﾄ BK M 鉄流水雪輪,21SJ-14K,M,BK 鉄流
4524486094958,21SJ-14K ﾚｻﾞｰｼﾞｬｹｯﾄ BK 鉄流水雪輪 M,21SJ-14K,M,BK 鉄流
4524486094958,21SJ-14K ﾚｻﾞｰｼﾞｬｹｯﾄ BK 鉄流水雪輪 M,21SJ-14K,M,鉄流 BK
4524486094958,21SJ-14K ﾚｻﾞｰｼﾞｬｹｯﾄ BK 鉄流水雪輪 M,21SJ-14K 鉄流水雪輪,M,BK
4524486094965,21SJ-14K ﾚｻﾞｰｼﾞｬｹｯﾄ BK L 鉄流水雪輪,21SJ-14K,L,BK 鉄流
4524486094965,21SJ-14K ﾚｻﾞｰｼﾞｬｹｯﾄ BK 鉄流水雪輪 L,21SJ-14K,L,鉄流 BK
4524486094965,21SJ-14K ﾚｻﾞｰｼﾞｬｹｯﾄ BK 鉄流水雪輪 L,21SJ-14K,L,BK 鉄流
4524486094965,21SJ-14K ﾚｻﾞｰｼﾞｬｹｯﾄ BK 鉄流水雪輪 L,21SJ-14K 鉄流水雪輪,L,BK
4524486094972,21SJ-14K ﾚｻﾞｰｼﾞｬｹｯﾄ BK XL 鉄流水雪輪,21SJ-14K,XL,BK 鉄流
4524486094972,21SJ-14K ﾚｻﾞｰｼﾞｬｹｯﾄ BK 鉄流水雪輪 XL,21SJ-14K,XL,BK 鉄流
4524486094972,21SJ-14K ﾚｻﾞｰｼﾞｬｹｯﾄ BK 鉄流水雪輪 XL,21SJ-14K,XL,鉄流 BK
4524486094972,21SJ-14K ﾚｻﾞｰｼﾞｬｹｯﾄ BK 鉄流水雪輪 XL,21SJ-14K 鉄流水雪輪,XL,BK
4524486097959,21SJ-14K ﾚｻﾞｰｼﾞｬｹｯﾄ BK LW 流水雪輪,21SJ-14K,LW,BK 流水
4524486097959,21SJ-14K ﾚｻﾞｰｼﾞｬｹｯﾄ BK 流水雪輪 LW,21SJ-14K,LW,BK 流水
4524486097959,21SJ-14K ﾚｻﾞｰｼﾞｬｹｯﾄ BK 流水雪輪 LW,21SJ-14K,LW,流水 BK
4524486097966,21SJ-14K ﾚｻﾞｰｼﾞｬｹｯﾄ BK LW 鉄流水雪輪,21SJ-14K,LW,BK 鉄流
4524486097966,21SJ-14K ﾚｻﾞｰｼﾞｬｹｯﾄ BK 鉄流水雪輪 LW,21SJ-14K,LW,BK 鉄流
4524486097966,21SJ-14K ﾚｻﾞｰｼﾞｬｹｯﾄ BK 鉄流水雪輪 LW,21SJ-14K,LW,鉄流 BK
4524486097973,21SJ-14K ﾚｻﾞｰｼﾞｬｹｯﾄ BK 桧垣桜 LW,21SJ-14K,LW,BK 桧垣
4524486097973,21SJ-14K ﾚｻﾞｰｼﾞｬｹｯﾄ BK LW 桧垣桜,21SJ-14K,LW,BK 桧垣
4524486097973,21SJ-14K ﾚｻﾞｰｼﾞｬｹｯﾄ BK 桧垣桜 LW,21SJ-14K,LW,桧垣 BK
4524486103230,21SJ-14K ﾚｻﾞｰｼﾞｬｹｯﾄ BK M 雲龍,21SJ-14K,M,BK 雲龍
4524486103230,21SJ-14K ﾚｻﾞｰｼﾞｬｹｯﾄ BK M 雲龍,21SJ-14K,M,雲龍 BK
4524486103247,21SJ-14K ﾚｻﾞｰｼﾞｬｹｯﾄ BK L 雲龍,21SJ-14K,L,BK 雲龍
4524486103247,21SJ-14K ﾚｻﾞｰｼﾞｬｹｯﾄ BK L 雲龍,21SJ-14K,L,雲龍 BK
4524486103254,21SJ-14K ﾚｻﾞｰｼﾞｬｹｯﾄ BK XL 雲龍,21SJ-14K,XL,BK 雲龍
4524486103254,21SJ-14K ﾚｻﾞｰｼﾞｬｹｯﾄ BK XL 雲龍,21SJ-14K,XL,雲龍 BK
4524486103292,21SJ-14K ﾚｻﾞｰｼﾞｬｹｯﾄ BK M 鳥獣戯画,21SJ-14K,M,BK 鳥獣
4524486103292,21SJ-14K ﾚｻﾞｰｼﾞｬｹｯﾄ BK M 鳥獣戯画,21SJ-14K,M,鳥獣 BK
4524486103308,21SJ-14K ﾚｻﾞｰｼﾞｬｹｯﾄ BK L 鳥獣戯画,21SJ-14K,L,BK 鳥獣
4524486103308,21SJ-14K ﾚｻﾞｰｼﾞｬｹｯﾄ BK L 鳥獣戯画,21SJ-14K,L,鳥獣 BK
4524486103315,21SJ-14K ﾚｻﾞｰｼﾞｬｹｯﾄ BK XL 鳥獣戯画,21SJ-14K,XL,BK 鳥獣
4524486103315,21SJ-14K ﾚｻﾞｰｼﾞｬｹｯﾄ BK XL 鳥獣戯画,21SJ-14K,XL,鳥獣 BK
4524486106538,21SJ-14K ﾚｻﾞｰｼﾞｬｹｯﾄ RD M 鉄流水雪輪,21SJ-14K,M,RD 鉄流
4524486106545,21SJ-14K ﾚｻﾞｰｼﾞｬｹｯﾄ RD L 鉄流水雪輪,21SJ-14K,L,RD 鉄流
4524486106552,21SJ-14K ﾚｻﾞｰｼﾞｬｹｯﾄ RD XL 鉄流水雪輪,21SJ-14K,XL,RD 鉄流
4524486106583,21SJ-14K ﾚｻﾞｰｼﾞｬｹｯﾄ BK M 百鬼夜行,21SJ-14K,M,BK 百夜
4524486106590,21SJ-14K ﾚｻﾞｰｼﾞｬｹｯﾄ BK L 百鬼夜行,21SJ-14K,L,BK 百夜
4524486106606,21SJ-14K ﾚｻﾞｰｼﾞｬｹｯﾄ BK XL 百鬼夜行,21SJ-14K,XL,BK 百夜
4524486107559,21SJ-14K ﾚｻﾞｰｼﾞｬｹｯﾄ NV M 鉄流水雪輪,21SJ-14K,M,NV 鉄流
4524486107566,21SJ-14K ﾚｻﾞｰｼﾞｬｹｯﾄ NV L 鉄流水雪輪,21SJ-14K,L,NV 鉄流
4524486107573,21SJ-14K ﾚｻﾞｰｼﾞｬｹｯﾄ NV XL 鉄流水雪輪,21SJ-14K,XL,NV 鉄流
4524486107740,21SJ-14K ﾚｻﾞｰｼﾞｬｹｯﾄ RD M 雲龍,21SJ-14K,M,RD 雲龍
4524486107757,21SJ-14K ﾚｻﾞｰｼﾞｬｹｯﾄ RD L 雲龍,21SJ-14K,L,RD 雲龍
4524486107764,21SJ-14K ﾚｻﾞｰｼﾞｬｹｯﾄ RD XL 雲龍,21SJ-14K,XL,RD 雲龍
4524486107771,21SJ-14K ﾚｻﾞｰｼﾞｬｹｯﾄ RD LW 雲龍,21SJ-14K,LW,RD 雲龍
4524486109485,21SJ-14K ﾚｻﾞｰｼﾞｬｹｯﾄ  BK M 鳳凰,21SJ-14K,M,BK 鳳凰
4524486109485,21SJ-14K ﾚｻﾞｰｼﾞｬｹｯﾄ BK M 鳳凰,21SJ-14K,M,BK 鳳凰
4524486109492,21SJ-14K ﾚｻﾞｰｼﾞｬｹｯﾄ BK L 鳳凰,21SJ-14K,L,BK 鳳凰
4524486109492,21SJ-14K ﾚｻﾞｰｼﾞｬｹｯﾄ  BK L 鳳凰,21SJ-14K,L,BK 鳳凰
4524486109508,21SJ-14K ﾚｻﾞｰｼﾞｬｹｯﾄ  BK XL 鳳凰,21SJ-14K,XL,BK 鳳凰
4524486109508,21SJ-14K ﾚｻﾞｰｼﾞｬｹｯﾄ BK XL 鳳凰,21SJ-14K,XL,BK 鳳凰
4524486109515,21SJ-14K ﾚｻﾞｰｼﾞｬｹｯﾄ BK XLW 桧垣桜,21SJ-14K,XLW,BK 桧垣
4524486109515,21SJ-14K ﾚｻﾞｰｼﾞｬｹｯﾄ  BK XLW 桧垣桜,21SJ-14K,XLW,BK 桧垣
4524486109522,21SJ-14K ﾚｻﾞｰｼﾞｬｹｯﾄ  BK XLW 流水雪輪,21SJ-14K,XLW,BK 流水
4524486109522,21SJ-14K ﾚｻﾞｰｼﾞｬｹｯﾄ BK XLW 流水雪輪,21SJ-14K,XLW,BK 流水
4524486111488,21SJ-14K ﾚｻﾞｰｼﾞｬｹｯﾄ BK M 輝龍,21SJ-14K,M,BK 輝龍
4524486111495,21SJ-14K ﾚｻﾞｰｼﾞｬｹｯﾄ BK L 輝龍,21SJ-14K,L,BK 輝龍
4524486111501,21SJ-14K ﾚｻﾞｰｼﾞｬｹｯﾄ BK XL 輝龍,21SJ-14K,XL,BK 輝龍
4524486113499,21SJ-14K ﾚｻﾞｰｼﾞｬｹｯﾄ BK S 流水雪輪,21SJ-14K,S,BK 流水
4524486113505,21SJ-14K ﾚｻﾞｰｼﾞｬｹｯﾄ BK S 桧垣桜,21SJ-14K,S,BK 桧垣
4524486114311,21SJ-14K ﾚｻﾞｰｼﾞｬｹｯﾄ BK M 虎,21SJ-14K,M,BK 虎
4524486114328,21SJ-14K ﾚｻﾞｰｼﾞｬｹｯﾄ BK L 虎,21SJ-14K,L,BK 虎
4524486114335,21SJ-14K ﾚｻﾞｰｼﾞｬｹｯﾄ BK XL 虎,21SJ-14K,XL,BK 虎
4524486117220,21SJ-14K ﾚｻﾞｰｼﾞｬｹｯﾄ GY M 流水雪輪,21SJ-14K,M,GY 流水
4524486117237,21SJ-14K ﾚｻﾞｰｼﾞｬｹｯﾄ GY L 流水雪輪,21SJ-14K,L,GY 流水
4524486117244,21SJ-14K ﾚｻﾞｰｼﾞｬｹｯﾄ GY XL 流水雪輪,21SJ-14K,XL,GY 流水
crd,21SJ-14K BK 桧垣桜 XL ﾍﾟﾝ跡除去,無償ﾒﾝﾃﾅﾝｽ,,
crih,21SJ-14K 桧垣桜/L 右ﾎﾟｹｯﾄﾌｧｽﾅｰ修理,無償ﾒﾝﾃﾅﾝｽ,,
crih,21SJ-14K L 鉄流水雪輪 ﾍﾞﾙｸﾛ縫製修理,無償ﾒﾝﾃﾅﾝｽ,,
crih,21SJ-14K/鳥獣/XL　右袖ｽﾃｯﾁほつれ修理,無償ﾒﾝﾃﾅﾝｽ,,
crih,21SJ-14K 流水雪輪/BK/L 袖裏地修理,無償ﾒﾝﾃﾅﾝｽ,,
crih,21SJ-14K/桧垣/BK/L 無償修理,無償ﾒﾝﾃﾅﾝｽ,,
