4524486093609,20201221,発注,2.00
4524486093609,20210303,入荷,2.00
4524486093616,20201221,発注,2.00
4524486093616,20210303,入荷,2.00
4524486093623,20201221,発注,2.00
4524486093623,20210303,入荷,2.00
4524486093630,20201221,発注,2.00
4524486093630,20210303,入荷,2.00
4524486093630,20210617,発注,3.00
4524486093630,20210914,入荷,3.00
4524486093630,20211228,発注,4.00
4524486093630,20220520,入荷,4.00
4524486093630,20220825,発注,6.00
4524486093630,20221111,入荷,6.00
4524486093630,20221215,発注,6.00
4524486093630,20230216,入荷,3.00
4524486093630,20230407,発注,6.00
4524486093630,20230414,入荷,3.00
4524486093630,20230518,発注,7.00
4524486093630,20230620,入荷,3.00
4524486093630,20230828,入荷,3.00
4524486093630,20231101,入荷,7.00
4524486093630,20250203,発注,3.00
4524486093630,20250508,発注,3.00
4524486093630,20250520,入荷,3.00
4524486093630,20250602,発注,8.00
4524486093630,20260108,発注,9.00
4524486093630,20260128,入荷,3.00
4524486093630,20260331,入荷,5.00
4524486093647,20201221,発注,3.00
4524486093647,20210303,入荷,3.00
4524486093647,20210617,発注,5.00
4524486093647,20210914,入荷,5.00
4524486093647,20211228,発注,8.00
4524486093647,20220520,入荷,8.00
4524486093647,20220606,発注,6.00
4524486093647,20220825,発注,4.00
4524486093647,20221111,入荷,10.00
4524486093647,20221215,発注,5.00
4524486093647,20230407,発注,11.00
4524486093647,20230414,入荷,5.00
4524486093647,20230828,入荷,11.00
4524486093647,20231204,発注,4.00
4524486093647,20240207,発注,3.00
4524486093647,20240306,入荷,4.00
4524486093647,20240614,入荷,3.00
4524486093647,20240903,発注,6.00
4524486093647,20241228,入荷,4.00
4524486093647,20250203,発注,11.00
4524486093647,20250205,入荷,2.00
4524486093647,20250324,入荷,1.00
4524486093647,20250508,発注,4.00
4524486093647,20250520,入荷,5.00
4524486093647,20250602,発注,10.00
4524486093647,20250826,入荷,5.00
4524486093647,20260108,発注,9.00
4524486093647,20260128,入荷,3.00
4524486093647,20260206,発注,5.00
4524486093654,20201221,発注,2.00
4524486093654,20210303,入荷,2.00
4524486093654,20210617,発注,6.00
4524486093654,20210914,入荷,6.00
4524486093654,20211228,発注,2.00
4524486093654,20220520,入荷,2.00
4524486093654,20220606,発注,8.00
4524486093654,20220825,発注,4.00
4524486093654,20221012,入荷,2.00
4524486093654,20221111,入荷,10.00
4524486093654,20221215,発注,3.00
4524486093654,20230407,発注,4.00
4524486093654,20230414,入荷,3.00
4524486093654,20230518,発注,8.00
4524486093654,20230620,入荷,4.00
4524486093654,20230828,入荷,8.00
4524486093654,20231204,発注,4.00
4524486093654,20240207,発注,11.00
4524486093654,20240306,入荷,4.00
4524486093654,20240614,入荷,1.00
4524486093654,20240710,入荷,9.00
4524486093654,20240910,入荷,1.00
4524486093654,20260108,発注,3.00
4524486093654,20260206,発注,7.00
4524486093661,20201221,発注,11.00
4524486093661,20210303,入荷,6.00
4524486093661,20210331,入荷,5.00
4524486093661,20211116,発注,3.00
4524486093661,20211228,発注,5.00
4524486093661,20220215,入荷,3.00
4524486093661,20220407,発注,6.00
4524486093661,20220519,発注,5.00
4524486093661,20220520,入荷,5.00
4524486093661,20220606,発注,7.00
4524486093661,20220712,入荷,6.00
4524486093661,20220812,入荷,5.00
4524486093661,20221012,入荷,7.00
4524486093661,20221116,発注,7.00
4524486093661,20230116,入荷,3.00
4524486093661,20230116,発注,25.00
4524486093661,20230208,発注,20.00
4524486093661,20230216,入荷,4.00
4524486093661,20230407,発注,3.00
4524486093661,20230414,入荷,5.00
4524486093661,20230523,入荷,5.00
4524486093661,20230620,入荷,10.00
4524486093661,20230801,入荷,5.00
4524486093661,20230828,入荷,5.00
4524486093661,20231003,発注,15.00
4524486093661,20231101,入荷,18.00
4524486093661,20231219,入荷,15.00
4524486093661,20240207,発注,5.00
4524486093661,20240415,発注,11.00
4524486093661,20240710,入荷,5.00
4524486093661,20241121,入荷,7.00
4524486093661,20241204,発注,20.00
4524486093661,20241228,入荷,4.00
4524486093661,20250203,発注,10.00
4524486093661,20250304,発注,10.00
4524486093661,20250408,発注,10.00
4524486093661,20250520,入荷,11.00
4524486093661,20250602,発注,3.00
4524486093661,20250715,入荷,9.00
4524486093661,20250801,発注,17.00
4524486093661,20251022,入荷,10.00
4524486093661,20251201,入荷,6.00
4524486093661,20251210,発注,16.00
4524486093661,20260128,入荷,14.00
4524486093661,20260206,発注,8.00
4524486093661,20260331,入荷,4.00
4524486093678,20201221,発注,18.00
4524486093678,20210303,入荷,10.00
4524486093678,20210331,入荷,8.00
4524486093678,20211116,発注,6.00
4524486093678,20211228,発注,10.00
4524486093678,20220215,入荷,6.00
4524486093678,20220407,発注,7.00
4524486093678,20220519,発注,7.00
4524486093678,20220520,入荷,10.00
4524486093678,20220606,発注,12.00
4524486093678,20220712,入荷,7.00
4524486093678,20220914,入荷,7.00
4524486093678,20221012,入荷,12.00
4524486093678,20221116,発注,20.00
4524486093678,20230116,入荷,4.00
4524486093678,20230116,発注,30.00
4524486093678,20230208,発注,20.00
4524486093678,20230216,入荷,16.00
4524486093678,20230407,発注,3.00
4524486093678,20230414,入荷,10.00
4524486093678,20230523,入荷,5.00
4524486093678,20230620,入荷,15.00
4524486093678,20230801,入荷,10.00
4524486093678,20231003,発注,22.00
4524486093678,20231101,入荷,13.00
4524486093678,20231204,発注,9.00
4524486093678,20231219,入荷,22.00
4524486093678,20240207,発注,3.00
4524486093678,20240403,入荷,7.00
4524486093678,20240415,発注,15.00
4524486093678,20240507,入荷,2.00
4524486093678,20240614,入荷,1.00
4524486093678,20240710,入荷,2.00
4524486093678,20241004,発注,9.00
4524486093678,20241121,入荷,15.00
4524486093678,20241204,発注,30.00
4524486093678,20250203,発注,40.00
4524486093678,20250205,入荷,1.00
4524486093678,20250304,発注,4.00
4524486093678,20250324,入荷,8.00
4524486093678,20250508,発注,12.00
4524486093678,20250520,入荷,13.00
4524486093678,20250602,発注,9.00
4524486093678,20250715,入荷,8.00
4524486093678,20250801,発注,14.00
4524486093678,20250826,入荷,9.00
4524486093678,20251022,入荷,20.00
4524486093678,20251201,入荷,20.00
4524486093678,20251210,発注,12.00
4524486093678,20260304,発注,18.00
4524486093678,20260331,入荷,7.00
4524486093685,20201221,発注,15.00
4524486093685,20210303,入荷,10.00
4524486093685,20210331,入荷,5.00
4524486093685,20211116,発注,6.00
4524486093685,20211228,入荷,3.00
4524486093685,20211228,発注,9.00
4524486093685,20220215,入荷,3.00
4524486093685,20220407,発注,8.00
4524486093685,20220519,発注,6.00
4524486093685,20220520,入荷,9.00
4524486093685,20220606,発注,3.00
4524486093685,20220712,入荷,8.00
4524486093685,20220812,入荷,6.00
4524486093685,20221012,入荷,3.00
4524486093685,20221116,発注,15.00
4524486093685,20230116,入荷,2.00
4524486093685,20230116,発注,25.00
4524486093685,20230208,発注,31.00
4524486093685,20230216,入荷,13.00
4524486093685,20230407,発注,3.00
4524486093685,20230414,入荷,10.00
4524486093685,20230523,入荷,5.00
4524486093685,20230620,入荷,5.00
4524486093685,20230801,入荷,10.00
4524486093685,20231003,発注,3.00
4524486093685,20231101,入荷,29.00
4524486093685,20231219,入荷,3.00
4524486093685,20240207,発注,12.00
4524486093685,20240415,発注,9.00
4524486093685,20240710,入荷,12.00
4524486093685,20240722,発注,10.00
4524486093685,20241004,発注,4.00
4524486093685,20241121,入荷,9.00
4524486093685,20241204,発注,20.00
4524486093685,20250203,発注,15.00
4524486093685,20250205,入荷,10.00
4524486093685,20250304,発注,12.00
4524486093685,20250324,入荷,2.00
4524486093685,20250408,発注,15.00
4524486093685,20250508,発注,8.00
4524486093685,20250520,入荷,10.00
4524486093685,20250602,発注,7.00
4524486093685,20250715,入荷,7.00
4524486093685,20250826,入荷,13.00
4524486093685,20251022,入荷,15.00
4524486093685,20251210,発注,7.00
4524486093685,20260331,入荷,20.00
4524486093692,20201221,発注,11.00
4524486093692,20210303,入荷,8.00
4524486093692,20210331,入荷,3.00
4524486093692,20210617,発注,11.00
4524486093692,20210914,入荷,11.00
4524486093692,20211213,発注,10.00
4524486093692,20220407,入荷,10.00
4524486093692,20220407,発注,13.00
4524486093692,20220519,発注,11.00
4524486093692,20220606,発注,3.00
4524486093692,20220712,入荷,13.00
4524486093692,20220812,入荷,11.00
4524486093692,20221012,入荷,3.00
4524486093692,20221116,発注,10.00
4524486093692,20230116,発注,25.00
4524486093692,20230208,発注,20.00
4524486093692,20230216,入荷,5.00
4524486093692,20230414,入荷,10.00
4524486093692,20230523,入荷,5.00
4524486093692,20230620,入荷,5.00
4524486093692,20230801,入荷,10.00
4524486093692,20230828,入荷,10.00
4524486093692,20231003,発注,15.00
4524486093692,20231101,入荷,10.00
4524486093692,20231219,入荷,5.00
4524486093692,20240124,入荷,10.00
4524486093692,20240207,発注,19.00
4524486093692,20240415,発注,5.00
4524486093692,20240614,入荷,3.00
4524486093692,20240807,入荷,16.00
4524486093692,20241004,発注,4.00
4524486093692,20241112,発注,8.00
4524486093692,20241204,発注,25.00
4524486093692,20250205,入荷,1.00
4524486093692,20250304,発注,6.00
4524486093692,20250324,入荷,4.00
4524486093692,20250408,発注,21.00
4524486093692,20250520,入荷,5.00
4524486093692,20250715,入荷,17.00
4524486093692,20250826,入荷,15.00
4524486093692,20251002,発注,10.00
4524486093692,20251022,入荷,11.00
4524486093692,20251210,発注,5.00
4524486093692,20260304,発注,12.00
4524486093692,20260331,入荷,17.00
4524486093708,20201221,発注,18.00
4524486093708,20210303,入荷,8.00
4524486093708,20210331,入荷,10.00
4524486093708,20210617,発注,16.00
4524486093708,20210914,入荷,16.00
4524486093708,20211213,発注,9.00
4524486093708,20220407,入荷,9.00
4524486093708,20220407,発注,16.00
4524486093708,20220519,発注,8.00
4524486093708,20220606,発注,11.00
4524486093708,20220712,入荷,16.00
4524486093708,20220812,入荷,8.00
4524486093708,20221012,入荷,11.00
4524486093708,20221116,発注,27.00
4524486093708,20230116,入荷,5.00
4524486093708,20230116,発注,35.00
4524486093708,20230208,発注,31.00
4524486093708,20230216,入荷,10.00
4524486093708,20230414,入荷,12.00
4524486093708,20230523,入荷,10.00
4524486093708,20230620,入荷,25.00
4524486093708,20230801,入荷,10.00
4524486093708,20231003,発注,17.00
4524486093708,20231101,入荷,21.00
4524486093708,20231204,発注,22.00
4524486093708,20231219,入荷,4.00
4524486093708,20240124,入荷,13.00
4524486093708,20240403,入荷,12.00
4524486093708,20240415,発注,8.00
4524486093708,20240507,入荷,6.00
4524486093708,20240614,入荷,4.00
4524486093708,20241112,発注,3.00
4524486093708,20241204,発注,27.00
4524486093708,20241228,入荷,8.00
4524486093708,20250304,発注,36.00
4524486093708,20250324,入荷,3.00
4524486093708,20250408,発注,20.00
4524486093708,20250520,入荷,7.00
4524486093708,20250715,入荷,10.00
4524486093708,20250826,入荷,10.00
4524486093708,20251002,発注,10.00
4524486093708,20251022,入荷,15.00
4524486093708,20251201,入荷,10.00
4524486093708,20251210,発注,25.00
4524486093708,20260108,発注,19.00
4524486093708,20260128,入荷,5.00
4524486093708,20260331,入荷,26.00
4524486093715,20201221,発注,15.00
4524486093715,20210303,入荷,5.00
4524486093715,20210331,入荷,10.00
4524486093715,20210617,発注,4.00
4524486093715,20210914,入荷,4.00
4524486093715,20211213,発注,12.00
4524486093715,20220407,入荷,12.00
4524486093715,20220407,発注,6.00
4524486093715,20220519,発注,6.00
4524486093715,20220606,発注,11.00
4524486093715,20220712,入荷,6.00
4524486093715,20220812,入荷,6.00
4524486093715,20221012,入荷,11.00
4524486093715,20221215,発注,21.00
4524486093715,20230116,発注,10.00
4524486093715,20230208,発注,20.00
4524486093715,20230216,入荷,5.00
4524486093715,20230414,入荷,11.00
4524486093715,20230523,入荷,15.00
4524486093715,20230801,入荷,10.00
4524486093715,20231003,発注,8.00
4524486093715,20231101,入荷,10.00
4524486093715,20231204,発注,3.00
4524486093715,20231219,入荷,3.00
4524486093715,20240124,入荷,5.00
4524486093715,20240207,発注,14.00
4524486093715,20240403,入荷,3.00
4524486093715,20240415,発注,3.00
4524486093715,20240807,入荷,14.00
4524486093715,20241004,発注,10.00
4524486093715,20241204,発注,19.00
4524486093715,20241228,入荷,3.00
4524486093715,20250304,発注,5.00
4524486093715,20250324,入荷,3.00
4524486093715,20250408,発注,11.00
4524486093715,20250520,入荷,3.00
4524486093715,20250715,入荷,12.00
4524486093715,20250801,発注,14.00
4524486093715,20250826,入荷,11.00
4524486093715,20251002,発注,11.00
4524486093715,20251022,入荷,10.00
4524486093715,20251210,発注,6.00
4524486093715,20260108,発注,6.00
4524486093715,20260128,入荷,1.00
4524486093715,20260206,発注,5.00
4524486093715,20260304,発注,16.00
4524486093715,20260331,入荷,19.00
4524486094927,20210617,発注,3.00
4524486094927,20210914,入荷,3.00
4524486094934,20210617,発注,4.00
4524486094934,20210914,入荷,4.00
4524486094941,20210617,発注,3.00
4524486094941,20210914,入荷,3.00
4524486094958,20210617,発注,8.00
4524486094958,20210914,入荷,8.00
4524486094958,20211228,発注,2.00
4524486094958,20220301,発注,5.00
4524486094958,20220520,入荷,2.00
4524486094958,20220606,発注,7.00
4524486094958,20220712,入荷,5.00
4524486094958,20221012,入荷,7.00
4524486094958,20221215,発注,7.00
4524486094958,20230407,発注,6.00
4524486094958,20230414,入荷,7.00
4524486094958,20230518,発注,7.00
4524486094958,20230828,入荷,6.00
4524486094958,20231101,入荷,7.00
4524486094958,20231204,発注,6.00
4524486094958,20240507,入荷,1.00
4524486094958,20240614,入荷,5.00
4524486094958,20250107,発注,10.00
4524486094958,20250408,発注,5.00
4524486094958,20250520,入荷,7.00
4524486094958,20250715,入荷,4.00
4524486094958,20250801,発注,14.00
4524486094958,20250826,入荷,4.00
4524486094958,20251210,発注,7.00
4524486094958,20260108,発注,17.00
4524486094958,20260128,入荷,1.00
4524486094965,20210617,発注,19.00
4524486094965,20210914,入荷,19.00
4524486094965,20211228,発注,7.00
4524486094965,20220301,発注,5.00
4524486094965,20220520,入荷,7.00
4524486094965,20220606,発注,17.00
4524486094965,20220712,入荷,5.00
4524486094965,20221012,入荷,11.00
4524486094965,20221111,入荷,6.00
4524486094965,20221215,発注,3.00
4524486094965,20230414,入荷,3.00
4524486094965,20230518,発注,3.00
4524486094965,20231101,入荷,3.00
4524486094965,20231204,発注,3.00
4524486094965,20240207,発注,5.00
4524486094965,20240403,入荷,3.00
4524486094965,20240614,入荷,5.00
4524486094965,20240722,発注,23.00
4524486094965,20241121,入荷,23.00
4524486094965,20250107,発注,20.00
4524486094965,20250408,発注,20.00
4524486094965,20250508,発注,32.00
4524486094965,20250520,入荷,4.00
4524486094965,20250715,入荷,12.00
4524486094965,20250826,入荷,7.00
4524486094965,20251022,入荷,5.00
4524486094965,20260331,入荷,15.00
4524486094972,20210617,発注,17.00
4524486094972,20210914,入荷,17.00
4524486094972,20211228,発注,7.00
4524486094972,20220301,発注,11.00
4524486094972,20220520,入荷,7.00
4524486094972,20220606,発注,9.00
4524486094972,20220712,入荷,11.00
4524486094972,20221012,入荷,7.00
4524486094972,20221111,入荷,2.00
4524486094972,20221215,発注,4.00
4524486094972,20230407,発注,15.00
4524486094972,20230414,入荷,4.00
4524486094972,20230518,発注,5.00
4524486094972,20230801,入荷,5.00
4524486094972,20230828,入荷,15.00
4524486094972,20231204,発注,9.00
4524486094972,20240207,発注,5.00
4524486094972,20240614,入荷,14.00
4524486094972,20241204,発注,14.00
4524486094972,20250107,発注,20.00
4524486094972,20250508,発注,3.00
4524486094972,20250520,入荷,8.00
4524486094972,20250602,発注,4.00
4524486094972,20250715,入荷,16.00
4524486094972,20250801,発注,7.00
4524486094972,20250826,入荷,9.00
4524486094972,20260331,入荷,1.00
4524486097959,20211228,発注,4.00
4524486097959,20220519,発注,3.00
4524486097959,20220520,入荷,4.00
4524486097959,20220712,入荷,3.00
4524486097959,20230407,発注,5.00
4524486097959,20230620,入荷,5.00
4524486097959,20231003,発注,10.00
4524486097959,20231204,発注,3.00
4524486097959,20231219,入荷,10.00
4524486097959,20240207,発注,8.00
4524486097959,20240306,入荷,3.00
4524486097959,20240415,発注,10.00
4524486097959,20240710,入荷,8.00
4524486097959,20240722,発注,4.00
4524486097959,20240807,入荷,10.00
4524486097959,20241204,発注,5.00
4524486097959,20250205,入荷,4.00
4524486097959,20250304,発注,3.00
4524486097959,20250408,発注,10.00
4524486097959,20250715,入荷,5.00
4524486097959,20250801,発注,4.00
4524486097959,20251022,入荷,5.00
4524486097959,20260331,入荷,8.00
4524486097966,20211228,発注,5.00
4524486097966,20220520,入荷,5.00
4524486097966,20220606,発注,3.00
4524486097966,20221012,入荷,3.00
4524486097966,20230518,発注,6.00
4524486097966,20230828,入荷,6.00
4524486097966,20231204,発注,3.00
4524486097966,20240207,発注,11.00
4524486097966,20240306,入荷,3.00
4524486097966,20240403,入荷,11.00
4524486097966,20240722,発注,12.00
4524486097966,20241121,入荷,12.00
4524486097966,20250408,発注,3.00
4524486097966,20250602,発注,3.00
4524486097966,20251022,入荷,3.00
4524486097966,20251210,発注,3.00
4524486097973,20211213,発注,10.00
4524486097973,20220407,入荷,10.00
4524486097973,20220519,発注,3.00
4524486097973,20220606,発注,4.00
4524486097973,20220712,入荷,3.00
4524486097973,20221012,入荷,4.00
4524486097973,20221116,発注,5.00
4524486097973,20230414,入荷,5.00
4524486097973,20231003,発注,10.00
4524486097973,20231219,入荷,10.00
4524486097973,20240207,発注,14.00
4524486097973,20240415,発注,5.00
4524486097973,20240710,入荷,14.00
4524486097973,20240807,入荷,5.00
4524486097973,20241112,発注,10.00
4524486097973,20250304,発注,3.00
4524486097973,20250508,発注,5.00
4524486097973,20250520,入荷,3.00
4524486097973,20250715,入荷,10.00
4524486097973,20260304,発注,4.00
4524486103230,20221227,発注,11.00
4524486103230,20230216,入荷,2.00
4524486103230,20230620,入荷,5.00
4524486103230,20230801,入荷,4.00
4524486103230,20231003,発注,10.00
4524486103230,20231020,発注,17.00
4524486103230,20231101,入荷,5.00
4524486103230,20231219,入荷,5.00
4524486103230,20240124,入荷,10.00
4524486103230,20240207,発注,4.00
4524486103230,20240306,入荷,7.00
4524486103230,20240531,発注,7.00
4524486103230,20240903,発注,4.00
4524486103230,20240910,入荷,4.00
4524486103230,20241011,入荷,7.00
4524486103230,20250205,入荷,4.00
4524486103230,20250304,発注,5.00
4524486103230,20250408,発注,3.00
4524486103230,20250602,発注,3.00
4524486103230,20251022,入荷,5.00
4524486103230,20251104,発注,7.00
4524486103230,20251210,発注,8.00
4524486103230,20260128,入荷,2.00
4524486103230,20260304,発注,3.00
4524486103230,20260331,入荷,3.00
4524486103247,20221227,発注,19.00
4524486103247,20230216,入荷,2.00
4524486103247,20230620,入荷,5.00
4524486103247,20230801,入荷,12.00
4524486103247,20231003,発注,7.00
4524486103247,20231020,発注,23.00
4524486103247,20231101,入荷,3.00
4524486103247,20231219,入荷,4.00
4524486103247,20240124,入荷,17.00
4524486103247,20240207,発注,6.00
4524486103247,20240306,入荷,6.00
4524486103247,20240531,発注,21.00
4524486103247,20240910,入荷,7.00
4524486103247,20241011,入荷,20.00
4524486103247,20250203,発注,10.00
4524486103247,20250304,発注,16.00
4524486103247,20250408,発注,11.00
4524486103247,20250520,入荷,3.00
4524486103247,20250602,発注,11.00
4524486103247,20250715,入荷,7.00
4524486103247,20251022,入荷,5.00
4524486103247,20251210,発注,3.00
4524486103247,20260331,入荷,11.00
4524486103254,20221227,発注,13.00
4524486103254,20230216,入荷,2.00
4524486103254,20230620,入荷,5.00
4524486103254,20230801,入荷,6.00
4524486103254,20231003,発注,4.00
4524486103254,20231020,発注,13.00
4524486103254,20231219,入荷,4.00
4524486103254,20240124,入荷,10.00
4524486103254,20240207,発注,11.00
4524486103254,20240306,入荷,3.00
4524486103254,20240403,入荷,2.00
4524486103254,20240531,発注,22.00
4524486103254,20240710,入荷,9.00
4524486103254,20240910,入荷,5.00
4524486103254,20241011,入荷,17.00
4524486103254,20250203,発注,4.00
4524486103254,20250715,入荷,4.00
4524486103254,20251104,発注,14.00
4524486103254,20251210,発注,3.00
4524486103254,20260304,発注,4.00
4524486103292,20230119,発注,6.00
4524486103292,20230523,入荷,2.00
4524486103292,20230801,入荷,4.00
4524486103308,20230119,発注,8.00
4524486103308,20230523,入荷,2.00
4524486103308,20230801,入荷,6.00
4524486103315,20230119,発注,7.00
4524486103315,20230523,入荷,2.00
4524486103315,20230801,入荷,5.00
4524486106538,20231013,発注,10.00
4524486106538,20231219,入荷,7.00
4524486106538,20240124,入荷,3.00
4524486106538,20240207,発注,24.00
4524486106538,20240614,入荷,6.00
4524486106538,20240807,入荷,6.00
4524486106538,20240910,入荷,9.00
4524486106538,20241011,入荷,3.00
4524486106538,20250203,発注,3.00
4524486106538,20250408,発注,5.00
4524486106538,20250520,入荷,3.00
4524486106538,20251201,入荷,5.00
4524486106538,20251210,発注,5.00
4524486106538,20260206,発注,7.00
4524486106545,20231013,発注,10.00
4524486106545,20231219,入荷,9.00
4524486106545,20240124,入荷,1.00
4524486106545,20240207,発注,24.00
4524486106545,20240614,入荷,7.00
4524486106545,20240807,入荷,5.00
4524486106545,20240910,入荷,12.00
4524486106545,20241204,発注,8.00
4524486106545,20250203,発注,20.00
4524486106545,20250205,入荷,6.00
4524486106545,20250324,入荷,2.00
4524486106545,20250408,発注,7.00
4524486106545,20250508,発注,4.00
4524486106545,20250520,入荷,5.00
4524486106545,20250801,発注,28.00
4524486106545,20250826,入荷,15.00
4524486106545,20251022,入荷,5.00
4524486106545,20251201,入荷,2.00
4524486106545,20260331,入荷,5.00
4524486106552,20231013,発注,10.00
4524486106552,20231219,入荷,10.00
4524486106552,20240207,発注,16.00
4524486106552,20240614,入荷,3.00
4524486106552,20240807,入荷,10.00
4524486106552,20240903,発注,9.00
4524486106552,20240910,入荷,3.00
4524486106552,20241204,発注,6.00
4524486106552,20241228,入荷,4.00
4524486106552,20250203,発注,12.00
4524486106552,20250205,入荷,11.00
4524486106552,20250408,発注,16.00
4524486106552,20250508,発注,3.00
4524486106552,20250520,入荷,5.00
4524486106552,20250801,発注,7.00
4524486106552,20250826,入荷,7.00
4524486106552,20251022,入荷,8.00
4524486106552,20251201,入荷,8.00
4524486106552,20251210,発注,6.00
4524486106552,20260331,入荷,10.00
4524486106583,20231031,発注,2.00
4524486106583,20240124,入荷,2.00
4524486106590,20231031,発注,3.00
4524486106590,20240124,入荷,3.00
4524486106606,20231031,発注,2.00
4524486106606,20240124,入荷,2.00
4524486107559,20231201,発注,18.00
4524486107559,20240306,入荷,10.00
4524486107559,20240507,入荷,6.00
4524486107559,20240614,入荷,2.00
4524486107566,20231201,発注,22.00
4524486107566,20240306,入荷,10.00
4524486107566,20240403,入荷,6.00
4524486107566,20240507,入荷,6.00
4524486107573,20231201,発注,20.00
4524486107573,20240306,入荷,13.00
4524486107573,20240403,入荷,7.00
4524486107740,20240531,発注,8.00
4524486107740,20240910,入荷,3.00
4524486107740,20241011,入荷,5.00
4524486107757,20240531,発注,8.00
4524486107757,20241011,入荷,8.00
4524486107764,20240531,発注,7.00
4524486107764,20241011,入荷,7.00
4524486107771,20240531,発注,3.00
4524486107771,20241011,入荷,3.00
4524486109485,20240607,発注,10.00
4524486109485,20240910,入荷,10.00
4524486109485,20241004,発注,8.00
4524486109485,20241112,発注,8.00
4524486109485,20241204,発注,12.00
4524486109485,20241228,入荷,2.00
4524486109485,20250203,発注,7.00
4524486109485,20250205,入荷,6.00
4524486109485,20250325,入荷,2.00
4524486109485,20250508,発注,8.00
4524486109485,20250520,入荷,5.00
4524486109485,20250715,入荷,13.00
4524486109485,20251210,発注,14.00
4524486109485,20260128,入荷,7.00
4524486109485,20260206,発注,11.00
4524486109485,20260331,入荷,4.00
4524486109492,20240607,発注,15.00
4524486109492,20240717,入荷,1.00
4524486109492,20240910,入荷,14.00
4524486109492,20241004,発注,5.00
4524486109492,20241112,発注,20.00
4524486109492,20241204,発注,13.00
4524486109492,20241228,入荷,2.00
4524486109492,20250203,発注,20.00
4524486109492,20250205,入荷,3.00
4524486109492,20250325,入荷,7.00
4524486109492,20250508,発注,3.00
4524486109492,20250520,入荷,5.00
4524486109492,20250715,入荷,21.00
4524486109492,20251201,入荷,17.00
4524486109492,20260206,発注,10.00
4524486109508,20240607,発注,10.00
4524486109508,20240910,入荷,10.00
4524486109508,20241004,発注,8.00
4524486109508,20241112,発注,14.00
4524486109508,20241204,発注,10.00
4524486109508,20241228,入荷,1.00
4524486109508,20250203,発注,30.00
4524486109508,20250205,入荷,7.00
4524486109508,20250304,発注,14.00
4524486109508,20250325,入荷,5.00
4524486109508,20250508,発注,3.00
4524486109508,20250520,入荷,12.00
4524486109508,20250715,入荷,7.00
4524486109508,20260128,入荷,30.00
4524486109508,20260331,入荷,14.00
4524486109515,20240531,発注,15.00
4524486109515,20240910,入荷,3.00
4524486109515,20241011,入荷,5.00
4524486109515,20241121,入荷,7.00
4524486109515,20250107,発注,14.00
4524486109515,20250408,発注,5.00
4524486109515,20250520,入荷,3.00
4524486109515,20250715,入荷,11.00
4524486109515,20251002,発注,9.00
4524486109515,20251022,入荷,5.00
4524486109515,20251210,発注,7.00
4524486109515,20260108,発注,7.00
4524486109515,20260206,発注,16.00
4524486109515,20260304,発注,3.00
4524486109522,20240531,発注,15.00
4524486109522,20240910,入荷,3.00
4524486109522,20241011,入荷,5.00
4524486109522,20241121,入荷,7.00
4524486109522,20241204,発注,10.00
4524486109522,20250203,発注,20.00
4524486109522,20250520,入荷,10.00
4524486109522,20250826,入荷,5.00
4524486109522,20251022,入荷,5.00
4524486109522,20251210,発注,4.00
4524486109522,20260206,発注,10.00
4524486109522,20260331,入荷,11.00
4524486111488,20250107,発注,4.00
4524486111488,20250205,入荷,4.00
4524486111488,20250304,発注,5.00
4524486111488,20250508,発注,7.00
4524486111488,20250715,入荷,5.00
4524486111488,20250801,発注,6.00
4524486111488,20250826,入荷,7.00
4524486111488,20251104,発注,8.00
4524486111488,20260128,入荷,3.00
4524486111488,20260304,発注,6.00
4524486111495,20250107,発注,5.00
4524486111495,20250205,入荷,5.00
4524486111495,20250304,発注,9.00
4524486111495,20250508,発注,14.00
4524486111495,20250715,入荷,9.00
4524486111495,20250801,発注,11.00
4524486111495,20250826,入荷,14.00
4524486111495,20251104,発注,6.00
4524486111495,20260304,発注,15.00
4524486111501,20250107,発注,5.00
4524486111501,20250205,入荷,5.00
4524486111501,20250304,発注,7.00
4524486111501,20250508,発注,7.00
4524486111501,20250715,入荷,7.00
4524486111501,20250801,発注,18.00
4524486111501,20250826,入荷,7.00
4524486111501,20260128,入荷,9.00
4524486113499,20250508,発注,10.00
4524486113499,20251022,入荷,5.00
4524486113499,20251201,入荷,5.00
4524486113499,20260206,発注,10.00
4524486113499,20260304,発注,3.00
4524486113505,20250508,発注,10.00
4524486113505,20251022,入荷,5.00
4524486113505,20251201,入荷,5.00
4524486113505,20251210,発注,10.00
4524486114311,20250620,発注,13.00
4524486114311,20251022,入荷,2.00
4524486114311,20260128,入荷,4.00
4524486114311,20260304,発注,15.00
4524486114311,20260331,入荷,2.00
4524486114328,20250620,発注,22.00
4524486114328,20251022,入荷,3.00
4524486114328,20260128,入荷,6.00
4524486114328,20260304,発注,25.00
4524486114328,20260331,入荷,5.00
4524486114335,20250620,発注,15.00
4524486114335,20251022,入荷,2.00
4524486114335,20260128,入荷,2.00
4524486114335,20260304,発注,10.00
4524486114335,20260331,入荷,3.00
4524486117220,20251210,発注,20.00
4524486117237,20251210,発注,27.00
4524486117244,20251210,発注,23.00
