4524486093609 ,21SJ-14K ﾚｻﾞｰｼﾞｬｹｯﾄ BK M 風神雷神BK,2 ,1861 ,0 ,0 ,0 ,200 
4524486093616 ,21SJ-14K ﾚｻﾞｰｼﾞｬｹｯﾄ BK L 風神雷神BK,2 ,1861 ,0 ,0 ,0 ,200 
4524486093623 ,21SJ-14K ﾚｻﾞｰｼﾞｬｹｯﾄ BK XL 風神雷神BK,3 ,1861 ,0 ,1 ,0 ,200 
4524486093630 ,21SJ-14K ﾚｻﾞｰｼﾞｬｹｯﾄ BK M 風神雷神BE,41 ,0 ,6 ,2 ,0 ,200 
4524486093647 ,21SJ-14K ﾚｻﾞｰｼﾞｬｹｯﾄ BK L 風神雷神BE,69 ,0 ,2 ,2 ,0 ,200 
4524486093654 ,21SJ-14K ﾚｻﾞｰｼﾞｬｹｯﾄ BK XL 風神雷神BE,53 ,0 ,2 ,3 ,0 ,200 
4524486093661 ,21SJ-14K ﾚｻﾞｰｼﾞｬｹｯﾄ BK M 流水雪輪,170 ,0 ,9 ,1 ,0 ,200 
4524486093678 ,21SJ-14K ﾚｻﾞｰｼﾞｬｹｯﾄ BK L 流水雪輪,271 ,0 ,3 ,5 ,0 ,200 
4524486093685 ,21SJ-14K ﾚｻﾞｰｼﾞｬｹｯﾄ BK XL 流水雪輪,209 ,0 ,14 ,3 ,0 ,200 
4524486093692 ,21SJ-14K ﾚｻﾞｰｼﾞｬｹｯﾄ BK M 桧垣桜,206 ,0 ,15 ,5 ,0 ,200 
4524486093708 ,21SJ-14K ﾚｻﾞｰｼﾞｬｹｯﾄ BK L 桧垣桜,288 ,0 ,22 ,8 ,0 ,200 
4524486093715 ,21SJ-14K ﾚｻﾞｰｼﾞｬｹｯﾄ BK XL 桧垣桜,196 ,0 ,6 ,10 ,0 ,200 
4524486094927 ,21SJ-14K ﾚｻﾞｰｼﾞｬｹｯﾄ BK 松 M,3 ,1666 ,0 ,0 ,0 ,200 
4524486094934 ,21SJ-14K ﾚｻﾞｰｼﾞｬｹｯﾄ BK 松 L,4 ,1666 ,0 ,0 ,0 ,200 
4524486094941 ,21SJ-14K ﾚｻﾞｰｼﾞｬｹｯﾄ BK 松 XL,3 ,1666 ,0 ,0 ,0 ,200 
4524486094958 ,21SJ-14K ﾚｻﾞｰｼﾞｬｹｯﾄ BK M 鉄流水雪輪,63 ,69 ,0 ,1 ,0 ,200 
4524486094965 ,21SJ-14K ﾚｻﾞｰｼﾞｬｹｯﾄ BK L 鉄流水雪輪,115 ,0 ,14 ,2 ,0 ,200 
4524486094972 ,21SJ-14K ﾚｻﾞｰｼﾞｬｹｯﾄ BK XL 鉄流水雪輪,110 ,0 ,10 ,4 ,0 ,200 
4524486097959 ,21SJ-14K ﾚｻﾞｰｼﾞｬｹｯﾄ BK LW 流水雪輪,56 ,0 ,13 ,3 ,0 ,200 
4524486097966 ,21SJ-14K ﾚｻﾞｰｼﾞｬｹｯﾄ BK LW 鉄流水雪輪,41 ,0 ,3 ,2 ,0 ,200 
4524486097973 ,21SJ-14K ﾚｻﾞｰｼﾞｬｹｯﾄ BK LW 桧垣桜,65 ,0 ,2 ,3 ,0 ,200 
4524486103230 ,21SJ-14K ﾚｻﾞｰｼﾞｬｹｯﾄ BK M 雲龍,60 ,0 ,3 ,0 ,0 ,200 
4524486103247 ,21SJ-14K ﾚｻﾞｰｼﾞｬｹｯﾄ BK L 雲龍,94 ,0 ,10 ,2 ,0 ,200 
4524486103254 ,21SJ-14K ﾚｻﾞｰｼﾞｬｹｯﾄ BK XL 雲龍,68 ,266 ,0 ,1 ,0 ,200 
4524486103292 ,21SJ-14K ﾚｻﾞｰｼﾞｬｹｯﾄ BK M 鳥獣戯画,6 ,980 ,0 ,0 ,0 ,200 
4524486103308 ,21SJ-14K ﾚｻﾞｰｼﾞｬｹｯﾄ BK L 鳥獣戯画,10 ,980 ,0 ,2 ,0 ,200 
4524486103315 ,21SJ-14K ﾚｻﾞｰｼﾞｬｹｯﾄ BK XL 鳥獣戯画,8 ,980 ,0 ,1 ,0 ,200 
4524486106538 ,21SJ-14K ﾚｻﾞｰｼﾞｬｹｯﾄ RD M 鉄流水雪輪,41 ,0 ,3 ,1 ,0 ,200 
4524486106545 ,21SJ-14K ﾚｻﾞｰｼﾞｬｹｯﾄ RD L 鉄流水雪輪,64 ,0 ,11 ,1 ,0 ,200 
4524486106552 ,21SJ-14K ﾚｻﾞｰｼﾞｬｹｯﾄ RD XL 鉄流水雪輪,59 ,0 ,19 ,1 ,0 ,200 
4524486106583 ,21SJ-14K ﾚｻﾞｰｼﾞｬｹｯﾄ BK M 百鬼夜行,2 ,804 ,0 ,0 ,0 ,200 
4524486106590 ,21SJ-14K ﾚｻﾞｰｼﾞｬｹｯﾄ BK L 百鬼夜行,3 ,804 ,0 ,0 ,0 ,200 
4524486106606 ,21SJ-14K ﾚｻﾞｰｼﾞｬｹｯﾄ BK XL 百鬼夜行,2 ,804 ,0 ,0 ,0 ,200 
4524486107559 ,21SJ-14K ﾚｻﾞｰｼﾞｬｹｯﾄ NV M 鉄流水雪輪,18 ,0 ,1 ,1 ,0 ,200 
4524486107566 ,21SJ-14K ﾚｻﾞｰｼﾞｬｹｯﾄ NV L 鉄流水雪輪,22 ,0 ,1 ,1 ,0 ,200 
4524486107573 ,21SJ-14K ﾚｻﾞｰｼﾞｬｹｯﾄ NV XL 鉄流水雪輪,16 ,0 ,4 ,0 ,0 ,200 
4524486107740 ,21SJ-14K ﾚｻﾞｰｼﾞｬｹｯﾄ RD M 雲龍,8 ,543 ,0 ,0 ,0 ,200 
4524486107757 ,21SJ-14K ﾚｻﾞｰｼﾞｬｹｯﾄ RD L 雲龍,8 ,543 ,0 ,0 ,0 ,200 
4524486107764 ,21SJ-14K ﾚｻﾞｰｼﾞｬｹｯﾄ RD XL 雲龍,7 ,543 ,0 ,0 ,0 ,200 
4524486107771 ,21SJ-14K ﾚｻﾞｰｼﾞｬｹｯﾄ RD LW 雲龍,3 ,543 ,0 ,0 ,0 ,200 
4524486109485 ,21SJ-14K ﾚｻﾞｰｼﾞｬｹｯﾄ BK M 鳳凰,45 ,0 ,6 ,1 ,0 ,200 
4524486109492 ,21SJ-14K ﾚｻﾞｰｼﾞｬｹｯﾄ BK L 鳳凰,55 ,0 ,16 ,1 ,0 ,200 
4524486109508 ,21SJ-14K ﾚｻﾞｰｼﾞｬｹｯﾄ BK XL 鳳凰,52 ,0 ,35 ,1 ,0 ,200 
4524486109515 ,21SJ-14K ﾚｻﾞｰｼﾞｬｹｯﾄ BK XLW 桧垣桜,37 ,167 ,0 ,3 ,0 ,200 
4524486109522 ,21SJ-14K ﾚｻﾞｰｼﾞｬｹｯﾄ BK XLW 流水雪輪,37 ,0 ,11 ,3 ,0 ,200 
4524486111488 ,21SJ-14K ﾚｻﾞｰｼﾞｬｹｯﾄ BK M 輝龍,19 ,0 ,2 ,2 ,0 ,200 
4524486111495 ,21SJ-14K ﾚｻﾞｰｼﾞｬｹｯﾄ BK L 輝龍,30 ,0 ,1 ,3 ,0 ,200 
4524486111501 ,21SJ-14K ﾚｻﾞｰｼﾞｬｹｯﾄ BK XL 輝龍,21 ,0 ,7 ,1 ,0 ,200 
4524486113499 ,21SJ-14K ﾚｻﾞｰｼﾞｬｹｯﾄ BK S 流水雪輪,9 ,0 ,1 ,0 ,0 ,200 
4524486113505 ,21SJ-14K ﾚｻﾞｰｼﾞｬｹｯﾄ BK S 桧垣桜,7 ,0 ,3 ,0 ,0 ,200 
4524486114311 ,21SJ-14K ﾚｻﾞｰｼﾞｬｹｯﾄ BK M 虎,6 ,0 ,2 ,0 ,0 ,200 
4524486114328 ,21SJ-14K ﾚｻﾞｰｼﾞｬｹｯﾄ BK L 虎,11 ,0 ,2 ,0 ,0 ,200 
4524486114335 ,21SJ-14K ﾚｻﾞｰｼﾞｬｹｯﾄ BK XL 虎,6 ,0 ,1 ,0 ,0 ,200 
4524486117220 ,21SJ-14K ﾚｻﾞｰｼﾞｬｹｯﾄ GY M 流水雪輪,0 ,NULL,0 ,0 ,0 ,200 
4524486117237 ,21SJ-14K ﾚｻﾞｰｼﾞｬｹｯﾄ GY L 流水雪輪,0 ,NULL,0 ,0 ,0 ,200 
4524486117244 ,21SJ-14K ﾚｻﾞｰｼﾞｬｹｯﾄ GY XL 流水雪輪,0 ,NULL,0 ,0 ,0 ,200 
